1,Область,Московская обл.,МР/Г.О.,г. Жуковский,Улица, ул. Гризодубовой
2,Область,Московская обл.,МР/Г.О.,г. Жуковский,Улица, ул. Грищенко
3,Область,Московская обл.,МР/Г.О.,г. Жуковский,Улица, ул. Грищенко
4,Область,Московская обл.,МР/Г.О.,г. Жуковский,Улица, ул. Левченко
5,Область,Московская обл.,МР/Г.О.,г. Жуковский,Улица, ул. Левченко
6,Область,Московская обл.,МР/Г.О.,г. Жуковский,Улица, ул. Левченко
7,Область,Московская обл.,МР/Г.О.,г. Жуковский,Улица, ул. Левченко
8,Область,Московская обл.,МР/Г.О.,г. Жуковский,Улица, ул. Левченко
9,Область,Московская обл.,МР/Г.О.,г. Жуковский,Улица, ул. Гудкова
10,Область,Московская обл.,МР/Г.О.,г. Жуковский,Улица, ул. Гудкова
11,Область,Московская обл.,МР/Г.О.,г. Жуковский,Улица, ул. Солнечная
12,Область,Московская обл.,МР/Г.О.,г. Жуковский,Улица, ул. Солнечная
13,Область,Московская обл.,МР/Г.О.,г. Жуковский,Улица, ул. Солнечная
14,Область,Московская обл.,МР/Г.О.,г. Жуковский,Улица, ул. Солнечная
15,Область,Московская обл.,МР/Г.О.,г. Жуковский,Улица, ул. Солнечная
16,Область,Московская обл.,МР/Г.О.,г. Жуковский,Улица, ул. Солнечная
17,Область,Московская обл.,МР/Г.О.,г. Жуковский,Улица, ул. Солнечная
18,Область,Московская обл.,МР/Г.О.,г. Жуковский,Улица, ул. Солнечная
19,Область,Московская обл.,МР/Г.О.,г. Жуковский,Улица, ул. Солнечная
20,Область,Московская обл.,МР/Г.О.,г. Жуковский,Улица, ул. Амет-хан Султана
21,Область,Московская обл.,МР/Г.О.,г. Жуковский,Улица, ул. Баженова
22,Область,Московская обл.,МР/Г.О.,г. Жуковский,Улица, ул. Баженова
23,Область,Московская обл.,МР/Г.О.,г. Жуковский,Улица, ул. Баженова
24,Область,Московская обл.,МР/Г.О.,г. Жуковский,Улица, ул. Баженова
25,Область,Московская обл.,МР/Г.О.,г. Жуковский,Улица, ул. Баженова
26,Область,Московская обл.,МР/Г.О.,г. Жуковский,Улица, ул. Баженова
27,Область,Московская обл.,МР/Г.О.,г. Жуковский,Улица, ул. Баженова
28,Область,Московская обл.,МР/Г.О.,г. Жуковский,Улица, ул. Баженова
29,Область,Московская обл.,МР/Г.О.,г. Жуковский,Улица, ул. Баженова
30,Область,Московская обл.,МР/Г.О.,г. Жуковский,Улица, ул. Баженова
31,Область,Московская обл.,МР/Г.О.,г. Жуковский,Улица, ул. Баженова
32,Область,Московская обл.,МР/Г.О.,г. Жуковский,Улица, ул. Баженова
33,Область,Московская обл.,МР/Г.О.,г. Жуковский,Улица, ул. Гагарина
34,Область,Московская обл.,МР/Г.О.,г. Жуковский,Улица, ул. Гагарина
35,Область,Московская обл.,МР/Г.О.,г. Жуковский,Улица, ул. Гагарина
36,Область,Московская обл.,МР/Г.О.,г. Жуковский,Улица, ул. Гагарина
37,Область,Московская обл.,МР/Г.О.,г. Жуковский,Улица, ул. Гагарина
38,Область,Московская обл.,МР/Г.О.,г. Жуковский,Улица, ул. Гагарина
39,Область,Московская обл.,МР/Г.О.,г. Жуковский,Улица, ул. Гагарина
40,Область,Московская обл.,МР/Г.О.,г. Жуковский,Улица, ул. Гагарина
41,Область,Московская обл.,МР/Г.О.,г. Жуковский,Улица, ул. Гагарина
42,Область,Московская обл.,МР/Г.О.,г. Жуковский,Улица, ул. Гагарина
43,Область,Московская обл.,МР/Г.О.,г. Жуковский,Улица, ул. Гагарина
44,Область,Московская обл.,МР/Г.О.,г. Жуковский,Улица, ул. Гагарина
45,Область,Московская обл.,МР/Г.О.,г. Жуковский,Улица, ул. Гагарина
46,Область,Московская обл.,МР/Г.О.,г. Жуковский,Улица, ул. Гагарина
47,Область,Московская обл.,МР/Г.О.,г. Жуковский,Улица, ул. Гагарина
48,Область,Московская обл.,МР/Г.О.,г. Жуковский,Улица, ул. Гагарина
49,Область,Московская обл.,МР/Г.О.,г. Жуковский,Улица, ул. Гагарина
50,Область,Московская обл.,МР/Г.О.,г. Жуковский,Улица, ул. Гагарина
51,Область,Московская обл.,МР/Г.О.,г. Жуковский,Улица, ул. Гагарина
52,Область,Московская обл.,МР/Г.О.,г. Жуковский,Улица, ул. Гагарина
53,Область,Московская обл.,МР/Г.О.,г. Жуковский,Улица, ул. Гагарина
54,Область,Московская обл.,МР/Г.О.,г. Жуковский,Улица, ул. Гагарина
55,Область,Московская обл.,МР/Г.О.,г. Жуковский,Улица, ул. Гагарина
56,Область,Московская обл.,МР/Г.О.,г. Жуковский,Улица, ул. Гагарина
57,Область,Московская обл.,МР/Г.О.,г. Жуковский,Улица, ул. Гагарина
58,Область,Московская обл.,МР/Г.О.,г. Жуковский,Улица, ул. Гагарина
59,Область,Московская обл.,МР/Г.О.,г. Жуковский,Улица, ул. Гагарина
60,Область,Московская обл.,МР/Г.О.,г. Жуковский,Улица, ул. Гагарина
61,Область,Московская обл.,МР/Г.О.,г. Жуковский,Улица, ул. Гагарина
62,Область,Московская обл.,МР/Г.О.,г. Жуковский,Улица, ул. Гагарина
63,Область,Московская обл.,МР/Г.О.,г. Жуковский,Улица, ул. Гагарина
64,Область,Московская обл.,МР/Г.О.,г. Жуковский,Улица, ул. Гагарина
65,Область,Московская обл.,МР/Г.О.,г. Жуковский,Улица, ул. Гарнаева
66,Область,Московская обл.,МР/Г.О.,г. Жуковский,Улица, ул. Гарнаева
67,Область,Московская обл.,МР/Г.О.,г. Жуковский,Улица, ул. Гарнаева
68,Область,Московская обл.,МР/Г.О.,г. Жуковский,Улица, ул. Гарнаева
69,Область,Московская обл.,МР/Г.О.,г. Жуковский,Улица, ул. Гарнаева
70,Область,Московская обл.,МР/Г.О.,г. Жуковский,Улица, ул. Гастелло
71,Область,Московская обл.,МР/Г.О.,г. Жуковский,Улица, ул. Гастелло
72,Область,Московская обл.,МР/Г.О.,г. Жуковский,Улица, ул. Гастелло
73,Область,Московская обл.,МР/Г.О.,г. Жуковский,Улица, ул. Гастелло
74,Область,Московская обл.,МР/Г.О.,г. Жуковский,Улица, ул. Гастелло
75,Область,Московская обл.,МР/Г.О.,г. Жуковский,Улица, ул. Гастелло
76,Область,Московская обл.,МР/Г.О.,г. Жуковский,Улица, ул. Гастелло
77,Область,Московская обл.,МР/Г.О.,г. Жуковский,Улица, ул. Гастелло
78,Область,Московская обл.,МР/Г.О.,г. Жуковский,Улица, ул. Гастелло
79,Область,Московская обл.,МР/Г.О.,г. Жуковский,Улица, ул. Горельники
80,Область,Московская обл.,МР/Г.О.,г. Жуковский,Улица, ул. Горельники
81,Область,Московская обл.,МР/Г.О.,г. Жуковский,Улица, ул. Горького
82,Область,Московская обл.,МР/Г.О.,г. Жуковский,Улица, ул. Гудкова
83,Область,Московская обл.,МР/Г.О.,г. Жуковский,Улица, ул. Гудкова
84,Область,Московская обл.,МР/Г.О.,г. Жуковский,Улица, ул. Гудкова
85,Область,Московская обл.,МР/Г.О.,г. Жуковский,Улица, ул. Гудкова
86,Область,Московская обл.,МР/Г.О.,г. Жуковский,Улица, ул. Гудкова
87,Область,Московская обл.,МР/Г.О.,г. Жуковский,Улица, ул. Дзержинского
88,Область,Московская обл.,МР/Г.О.,г. Жуковский,Улица, ул. Дзержинского
89,Область,Московская обл.,МР/Г.О.,г. Жуковский,Улица, ул. Дзержинского
90,Область,Московская обл.,МР/Г.О.,г. Жуковский,Улица, ул. Дзержинского
91,Область,Московская обл.,МР/Г.О.,г. Жуковский,Улица, ул. Дзержинского
92,Область,Московская обл.,МР/Г.О.,г. Жуковский,Улица, ул. Дзержинского
93,Область,Московская обл.,МР/Г.О.,г. Жуковский,Улица, ул. Дзержинского
94,Область,Московская обл.,МР/Г.О.,г. Жуковский,Улица, ул. Дзержинского
95,Область,Московская обл.,МР/Г.О.,г. Жуковский,Улица, ул. Дзержинского
96,Область,Московская обл.,МР/Г.О.,г. Жуковский,Улица, ул. Дугина
97,Область,Московская обл.,МР/Г.О.,г. Жуковский,Улица, ул. Дугина
98,Область,Московская обл.,МР/Г.О.,г. Жуковский,Улица, ул. Дугина
99,Область,Московская обл.,МР/Г.О.,г. Жуковский,Улица, ул. Дугина
100,Область,Московская обл.,МР/Г.О.,г. Жуковский,Улица, ул. Дугина
101,Область,Московская обл.,МР/Г.О.,г. Жуковский,Улица, ул. Дугина
102,Область,Московская обл.,МР/Г.О.,г. Жуковский,Улица, ул. Дугина
103,Область,Московская обл.,МР/Г.О.,г. Жуковский,Улица, ул. Дугина
104,Область,Московская обл.,МР/Г.О.,г. Жуковский,Улица, ул. Дугина
105,Область,Московская обл.,МР/Г.О.,г. Жуковский,Улица, ул. Дугина
106,Область,Московская обл.,МР/Г.О.,г. Жуковский,Улица, ул. Дугина
107,Область,Московская обл.,МР/Г.О.,г. Жуковский,Улица, ул. Дугина
108,Область,Московская обл.,МР/Г.О.,г. Жуковский,Улица, ул. Жуковского
109,Область,Московская обл.,МР/Г.О.,г. Жуковский,Улица, ул. Жуковского
110,Область,Московская обл.,МР/Г.О.,г. Жуковский,Улица, ул. Жуковского
111,Область,Московская обл.,МР/Г.О.,г. Жуковский,Улица, ул. Жуковского
112,Область,Московская обл.,МР/Г.О.,г. Жуковский,Улица, ул. Жуковского
113,Область,Московская обл.,МР/Г.О.,г. Жуковский,Улица, ул. Жуковского
114,Область,Московская обл.,МР/Г.О.,г. Жуковский,Улица, ул. Жуковского
115,Область,Московская обл.,МР/Г.О.,г. Жуковский,Улица, ул. Жуковского
116,Область,Московская обл.,МР/Г.О.,г. Жуковский,Улица, ул. Жуковского
117,Область,Московская обл.,МР/Г.О.,г. Жуковский,Улица, ул. Жуковского
118,Область,Московская обл.,МР/Г.О.,г. Жуковский,Улица, ул. Жуковского
119,Область,Московская обл.,МР/Г.О.,г. Жуковский,Улица, ул. Жуковского
120,Область,Московская обл.,МР/Г.О.,г. Жуковский,Улица, ул. Жуковского
121,Область,Московская обл.,МР/Г.О.,г. Жуковский,Улица, ул. Жуковского
122,Область,Московская обл.,МР/Г.О.,г. Жуковский,Улица, ул. Жуковского
123,Область,Московская обл.,МР/Г.О.,г. Жуковский,Улица, ул. Калугина
124,Область,Московская обл.,МР/Г.О.,г. Жуковский,Улица, ул. Калугина
125,Область,Московская обл.,МР/Г.О.,г. Жуковский,Улица, ул. Калугина
126,Область,Московская обл.,МР/Г.О.,г. Жуковский,Улица, ул. Калугина
127,Область,Московская обл.,МР/Г.О.,г. Жуковский,Улица, ул. Калугина
128,Область,Московская обл.,МР/Г.О.,г. Жуковский,Улица, ул. Келдыша
129,Область,Московская обл.,МР/Г.О.,г. Жуковский,Улица, ул. Келдыша
130,Область,Московская обл.,МР/Г.О.,г. Жуковский,Улица, ул. Келдыша
131,Область,Московская обл.,МР/Г.О.,г. Жуковский,Улица, ул. Келдыша
132,Область,Московская обл.,МР/Г.О.,г. Жуковский,Улица, ул. Кирова
133,Область,Московская обл.,МР/Г.О.,г. Жуковский,Улица, ул. Кирова
134,Область,Московская обл.,МР/Г.О.,г. Жуковский,Улица, ул. Кирова
135,Область,Московская обл.,МР/Г.О.,г. Жуковский,Улица, ул. Клубная
136,Область,Московская обл.,МР/Г.О.,г. Жуковский,Улица, ул. Комсомольская
137,Область,Московская обл.,МР/Г.О.,г. Жуковский,Улица, ул. Комсомольская
138,Область,Московская обл.,МР/Г.О.,г. Жуковский,Улица, ул. Комсомольская
139,Область,Московская обл.,МР/Г.О.,г. Жуковский,Улица, ул. Комсомольская
140,Область,Московская обл.,МР/Г.О.,г. Жуковский,Улица, ул. Комсомольская
141,Область,Московская обл.,МР/Г.О.,г. Жуковский,Улица, ул. Комсомольская
142,Область,Московская обл.,МР/Г.О.,г. Жуковский,Улица, ул. Комсомольская
143,Область,Московская обл.,МР/Г.О.,г. Жуковский,Улица, ул. Комсомольская
144,Область,Московская обл.,МР/Г.О.,г. Жуковский,Улица, ул. Королева
145,Область,Московская обл.,МР/Г.О.,г. Жуковский,Улица, ул. Королева
146,Область,Московская обл.,МР/Г.О.,г. Жуковский,Улица, ул. Королева
147,Область,Московская обл.,МР/Г.О.,г. Жуковский,Улица, ул. Королева
148,Область,Московская обл.,МР/Г.О.,г. Жуковский,Улица, ул. Королева
149,Область,Московская обл.,МР/Г.О.,г. Жуковский,Улица, ул. Лацкова
150,Область,Московская обл.,МР/Г.О.,г. Жуковский,Улица, ул. Лацкова
151,Область,Московская обл.,МР/Г.О.,г. Жуковский,Улица, ул. Лацкова
152,Область,Московская обл.,МР/Г.О.,г. Жуковский,Улица, ул. Лацкова
153,Область,Московская обл.,МР/Г.О.,г. Жуковский,Улица, ул. Лацкова
154,Область,Московская обл.,МР/Г.О.,г. Жуковский,Улица, ул. Левченко
155,Область,Московская обл.,МР/Г.О.,г. Жуковский,Улица, ул. Левченко
156,Область,Московская обл.,МР/Г.О.,г. Жуковский,Улица, ул. Левченко
157,Область,Московская обл.,МР/Г.О.,г. Жуковский,Улица, ул. Левченко
158,Область,Московская обл.,МР/Г.О.,г. Жуковский,Улица, ул. Левченко
159,Область,Московская обл.,МР/Г.О.,г. Жуковский,Улица, ул. Левченко
160,Область,Московская обл.,МР/Г.О.,г. Жуковский,Улица, ул. Левченко
161,Область,Московская обл.,МР/Г.О.,г. Жуковский,Улица, ул. Лесная
162,Область,Московская обл.,МР/Г.О.,г. Жуковский,Улица, ул. Ломоносова
163,Область,Московская обл.,МР/Г.О.,г. Жуковский,Улица, ул. Ломоносова
164,Область,Московская обл.,МР/Г.О.,г. Жуковский,Улица, ул. Ломоносова
165,Область,Московская обл.,МР/Г.О.,г. Жуковский,Улица, ул. Ломоносова
166,Область,Московская обл.,МР/Г.О.,г. Жуковский,Улица, ул. Ломоносова
167,Область,Московская обл.,МР/Г.О.,г. Жуковский,Улица, ул. Ломоносова
168,Область,Московская обл.,МР/Г.О.,г. Жуковский,Улица, ул. Ломоносова
169,Область,Московская обл.,МР/Г.О.,г. Жуковский,Улица, ул. Ломоносова
170,Область,Московская обл.,МР/Г.О.,г. Жуковский,Улица, ул. Ломоносова
171,Область,Московская обл.,МР/Г.О.,г. Жуковский,Улица, ул. Ломоносова
172,Область,Московская обл.,МР/Г.О.,г. Жуковский,Улица, ул. Ломоносова
173,Область,Московская обл.,МР/Г.О.,г. Жуковский,Улица, ул. Ломоносова
174,Область,Московская обл.,МР/Г.О.,г. Жуковский,Улица, ул. Ломоносова
175,Область,Московская обл.,МР/Г.О.,г. Жуковский,Улица, ул. Ломоносова
176,Область,Московская обл.,МР/Г.О.,г. Жуковский,Улица, ул. Ломоносова
177,Область,Московская обл.,МР/Г.О.,г. Жуковский,Улица, ул. Ломоносова
178,Область,Московская обл.,МР/Г.О.,г. Жуковский,Улица, ул. Ломоносова
179,Область,Московская обл.,МР/Г.О.,г. Жуковский,Улица, ул. Ломоносова
180,Область,Московская обл.,МР/Г.О.,г. Жуковский,Улица, ул. Ломоносова
181,Область,Московская обл.,МР/Г.О.,г. Жуковский,Улица, ул. Ломоносова
182,Область,Московская обл.,МР/Г.О.,г. Жуковский,Улица, ул. Ломоносова
183,Область,Московская обл.,МР/Г.О.,г. Жуковский,Улица, ул. Макаревского
184,Область,Московская обл.,МР/Г.О.,г. Жуковский,Улица, ул. Макаревского
185,Область,Московская обл.,МР/Г.О.,г. Жуковский,Улица, ул. Макаревского
186,Область,Московская обл.,МР/Г.О.,г. Жуковский,Улица, ул. Макаревского
187,Область,Московская обл.,МР/Г.О.,г. Жуковский,Улица, ул. Макаревского
188,Область,Московская обл.,МР/Г.О.,г. Жуковский,Улица, ул. Макаревского
189,Область,Московская обл.,МР/Г.О.,г. Жуковский,Улица, ул. Макаревского
190,Область,Московская обл.,МР/Г.О.,г. Жуковский,Улица, ул. Маяковского
191,Область,Московская обл.,МР/Г.О.,г. Жуковский,Улица, ул. Маяковского
192,Область,Московская обл.,МР/Г.О.,г. Жуковский,Улица, ул. Маяковского
193,Область,Московская обл.,МР/Г.О.,г. Жуковский,Улица, ул. Маяковского
194,Область,Московская обл.,МР/Г.О.,г. Жуковский,Улица, ул. Маяковского
195,Область,Московская обл.,МР/Г.О.,г. Жуковский,Улица, ул. Маяковского
196,Область,Московская обл.,МР/Г.О.,г. Жуковский,Улица, ул. Маяковского
197,Область,Московская обл.,МР/Г.О.,г. Жуковский,Улица, ул. Маяковского
198,Область,Московская обл.,МР/Г.О.,г. Жуковский,Улица, ул. Маяковского
199,Область,Московская обл.,МР/Г.О.,г. Жуковский,Улица, ул. Маяковского
200,Область,Московская обл.,МР/Г.О.,г. Жуковский,Улица, ул. Маяковского
201,Область,Московская обл.,МР/Г.О.,г. Жуковский,Улица, ул. Маяковского
202,Область,Московская обл.,МР/Г.О.,г. Жуковский,Улица, ул. Маяковского
203,Область,Московская обл.,МР/Г.О.,г. Жуковский,Улица, ул. Маяковского
204,Область,Московская обл.,МР/Г.О.,г. Жуковский,Улица, ул. Менделеева
205,Область,Московская обл.,МР/Г.О.,г. Жуковский,Улица, ул. Менделеева
206,Область,Московская обл.,МР/Г.О.,г. Жуковский,Улица, ул. Менделеева
207,Область,Московская обл.,МР/Г.О.,г. Жуковский,Улица, ул. Менделеева
208,Область,Московская обл.,МР/Г.О.,г. Жуковский,Улица, ул. Менделеева
209,Область,Московская обл.,МР/Г.О.,г. Жуковский,Улица, ул. Менделеева
210,Область,Московская обл.,МР/Г.О.,г. Жуковский,Улица, ул. Менделеева
211,Область,Московская обл.,МР/Г.О.,г. Жуковский,Улица, ул. Менделеева
212,Область,Московская обл.,МР/Г.О.,г. Жуковский,Улица, ул. Менделеева
213,Область,Московская обл.,МР/Г.О.,г. Жуковский,Улица, ул. Мичурина
214,Область,Московская обл.,МР/Г.О.,г. Жуковский,Улица, ул. Мичурина
215,Область,Московская обл.,МР/Г.О.,г. Жуковский,Улица, ул. Мичурина
216,Область,Московская обл.,МР/Г.О.,г. Жуковский,Улица, ул. Мичурина
217,Область,Московская обл.,МР/Г.О.,г. Жуковский,Улица, ул. Молодежная
218,Область,Московская обл.,МР/Г.О.,г. Жуковский,Улица, ул. Молодежная
219,Область,Московская обл.,МР/Г.О.,г. Жуковский,Улица, ул. Молодежная
220,Область,Московская обл.,МР/Г.О.,г. Жуковский,Улица, ул. Молодежная
221,Область,Московская обл.,МР/Г.О.,г. Жуковский,Улица, ул. Молодежная
222,Область,Московская обл.,МР/Г.О.,г. Жуковский,Улица, ул. Молодежная
223,Область,Московская обл.,МР/Г.О.,г. Жуковский,Улица, ул. Молодежная
224,Область,Московская обл.,МР/Г.О.,г. Жуковский,Улица, ул. Молодежная
225,Область,Московская обл.,МР/Г.О.,г. Жуковский,Улица, ул. Молодежная
226,Область,Московская обл.,МР/Г.О.,г. Жуковский,Улица, ул. Молодежная
227,Область,Московская обл.,МР/Г.О.,г. Жуковский,Улица, ул. Молодежная
228,Область,Московская обл.,МР/Г.О.,г. Жуковский,Улица, ул. Московская
229,Область,Московская обл.,МР/Г.О.,г. Жуковский,Площадь, пл.  Московская
230,Область,Московская обл.,МР/Г.О.,г. Жуковский,Улица, ул. Московская
231,Область,Московская обл.,МР/Г.О.,г. Жуковский,Площадь, пл.  Московская
232,Область,Московская обл.,МР/Г.О.,г. Жуковский,Улица, ул. Московская
233,Область,Московская обл.,МР/Г.О.,г. Жуковский,Улица, ул. Московская
234,Область,Московская обл.,МР/Г.О.,г. Жуковский,Улица, ул. Московская
235,Область,Московская обл.,МР/Г.О.,г. Жуковский,Улица, ул. Мясищева
236,Область,Московская обл.,МР/Г.О.,г. Жуковский,Улица, ул. Мясищева
237,Область,Московская обл.,МР/Г.О.,г. Жуковский,Улица, ул. Мясищева
238,Область,Московская обл.,МР/Г.О.,г. Жуковский,Улица, ул. Мясищева
239,Область,Московская обл.,МР/Г.О.,г. Жуковский,Улица, ул. Мясищева
240,Область,Московская обл.,МР/Г.О.,г. Жуковский,Улица, ул. Мясищева
241,Область,Московская обл.,МР/Г.О.,г. Жуковский,Улица, ул. Мясищева
242,Область,Московская обл.,МР/Г.О.,г. Жуковский,Улица, ул. Мясищева
243,Область,Московская обл.,МР/Г.О.,г. Жуковский,Улица, ул. Мясищева
244,Область,Московская обл.,МР/Г.О.,г. Жуковский,Улица, ул. Мясищева
245,Область,Московская обл.,МР/Г.О.,г. Жуковский,Улица, ул. Мясищева
246,Область,Московская обл.,МР/Г.О.,г. Жуковский,Улица, ул. Мясищева
247,Область,Московская обл.,МР/Г.О.,г. Жуковский,Улица, ул. Мясищева
248,Область,Московская обл.,МР/Г.О.,г. Жуковский,Улица, ул. Мясищева
249,Область,Московская обл.,МР/Г.О.,г. Жуковский,Улица, ул. Набережная Циолковского
250,Область,Московская обл.,МР/Г.О.,г. Жуковский,Улица, ул. Набережная Циолковского
251,Область,Московская обл.,МР/Г.О.,г. Жуковский,Улица, ул. Набережная Циолковского
252,Область,Московская обл.,МР/Г.О.,г. Жуковский,Улица, ул. Набережная Циолковского
253,Область,Московская обл.,МР/Г.О.,г. Жуковский,Улица, ул. Набережная Циолковского
254,Область,Московская обл.,МР/Г.О.,г. Жуковский,Улица, ул. Нижегородская
255,Область,Московская обл.,МР/Г.О.,г. Жуковский,Улица, ул. Нижегородская
256,Область,Московская обл.,МР/Г.О.,г. Жуковский,Улица, ул. Нижегородская
257,Область,Московская обл.,МР/Г.О.,г. Жуковский,Улица, ул. Нижегородская
258,Область,Московская обл.,МР/Г.О.,г. Жуковский,Улица, ул. Нижегородская
259,Область,Московская обл.,МР/Г.О.,г. Жуковский,Улица, ул. Нижегородская
260,Область,Московская обл.,МР/Г.О.,г. Жуковский,Улица, ул. Осипенко
261,Область,Московская обл.,МР/Г.О.,г. Жуковский,Улица, ул. Осипенко
262,Область,Московская обл.,МР/Г.О.,г. Жуковский,Улица, ул. Осипенко
263,Область,Московская обл.,МР/Г.О.,г. Жуковский,Улица, ул. Пушкина
264,Область,Московская обл.,МР/Г.О.,г. Жуковский,Улица, ул. Пушкина
265,Область,Московская обл.,МР/Г.О.,г. Жуковский,Улица, ул. Пушкина
266,Область,Московская обл.,МР/Г.О.,г. Жуковский,Улица, ул. Пушкина
267,Область,Московская обл.,МР/Г.О.,г. Жуковский,Проезд, пр-д. Садовый
268,Область,Московская обл.,МР/Г.О.,г. Жуковский,Улица, ул. Семашко
269,Область,Московская обл.,МР/Г.О.,г. Жуковский,Улица, ул. Семашко
270,Область,Московская обл.,МР/Г.О.,г. Жуковский,Улица, ул. Семашко
271,Область,Московская обл.,МР/Г.О.,г. Жуковский,Улица, ул. Семашко
272,Область,Московская обл.,МР/Г.О.,г. Жуковский,Улица, ул. Семашко
273,Область,Московская обл.,МР/Г.О.,г. Жуковский,Улица, ул. Семашко
274,Область,Московская обл.,МР/Г.О.,г. Жуковский,Улица, ул. Семашко
275,Область,Московская обл.,МР/Г.О.,г. Жуковский,Улица, ул. Семашко
276,Область,Московская обл.,МР/Г.О.,г. Жуковский,Улица, ул. Семашко
277,Область,Московская обл.,МР/Г.О.,г. Жуковский,Улица, ул. Серова
278,Область,Московская обл.,МР/Г.О.,г. Жуковский,Улица, ул. Серова
279,Область,Московская обл.,МР/Г.О.,г. Жуковский,Улица, ул. Серова
280,Область,Московская обл.,МР/Г.О.,г. Жуковский,Улица, ул. Серова
281,Область,Московская обл.,МР/Г.О.,г. Жуковский,Улица, ул. Серова
282,Область,Московская обл.,МР/Г.О.,г. Жуковский,Улица, ул. Серова
283,Область,Московская обл.,МР/Г.О.,г. Жуковский,Улица, ул. Серова
284,Область,Московская обл.,МР/Г.О.,г. Жуковский,Улица, ул. Серова
285,Область,Московская обл.,МР/Г.О.,г. Жуковский,Улица, ул. Серова
286,Область,Московская обл.,МР/Г.О.,г. Жуковский,Улица, ул. Советская
287,Область,Московская обл.,МР/Г.О.,г. Жуковский,Улица, ул. Строительная
288,Область,Московская обл.,МР/Г.О.,г. Жуковский,Улица, ул. Строительная
289,Область,Московская обл.,МР/Г.О.,г. Жуковский,Улица, ул. Туполева
290,Область,Московская обл.,МР/Г.О.,г. Жуковский,Улица, ул. Туполева
291,Область,Московская обл.,МР/Г.О.,г. Жуковский,Улица, ул. Туполева
292,Область,Московская обл.,МР/Г.О.,г. Жуковский,Улица, ул. Туполева
293,Область,Московская обл.,МР/Г.О.,г. Жуковский,Улица, ул. Федотова
294,Область,Московская обл.,МР/Г.О.,г. Жуковский,Улица, ул. Федотова
295,Область,Московская обл.,МР/Г.О.,г. Жуковский,Улица, ул. Федотова
296,Область,Московская обл.,МР/Г.О.,г. Жуковский,Улица, ул. Федотова
297,Область,Московская обл.,МР/Г.О.,г. Жуковский,Улица, ул. Федотова
298,Область,Московская обл.,МР/Г.О.,г. Жуковский,Улица, ул. Фрунзе
299,Область,Московская обл.,МР/Г.О.,г. Жуковский,Улица, ул. Фрунзе
300,Область,Московская обл.,МР/Г.О.,г. Жуковский,Улица, ул. Фрунзе
301,Область,Московская обл.,МР/Г.О.,г. Жуковский,Улица, ул. Фрунзе
302,Область,Московская обл.,МР/Г.О.,г. Жуковский,Улица, ул. Фрунзе
303,Область,Московская обл.,МР/Г.О.,г. Жуковский,Улица, ул. Фрунзе
304,Область,Московская обл.,МР/Г.О.,г. Жуковский,Улица, ул. Фрунзе
305,Область,Московская обл.,МР/Г.О.,г. Жуковский,Улица, ул. Фрунзе
306,Область,Московская обл.,МР/Г.О.,г. Жуковский,Улица, ул. Чаплыгина
307,Область,Московская обл.,МР/Г.О.,г. Жуковский,Улица, ул. Чаплыгина
308,Область,Московская обл.,МР/Г.О.,г. Жуковский,Улица, ул. Чаплыгина
309,Область,Московская обл.,МР/Г.О.,г. Жуковский,Улица, ул. Чаплыгина
310,Область,Московская обл.,МР/Г.О.,г. Жуковский,Улица, ул. Чаплыгина
311,Область,Московская обл.,МР/Г.О.,г. Жуковский,Улица, ул. Чаплыгина
312,Область,Московская обл.,МР/Г.О.,г. Жуковский,Улица, ул. Чаплыгина
313,Область,Московская обл.,МР/Г.О.,г. Жуковский,Улица, ул. Чаплыгина
314,Область,Московская обл.,МР/Г.О.,г. Жуковский,Улица, ул. Чаплыгина
315,Область,Московская обл.,МР/Г.О.,г. Жуковский,Улица, ул. Чаплыгина
316,Область,Московская обл.,МР/Г.О.,г. Жуковский,Улица, ул. Чкалова
317,Область,Московская обл.,МР/Г.О.,г. Жуковский,Улица, ул. Чкалова
318,Область,Московская обл.,МР/Г.О.,г. Жуковский,Улица, ул. Чкалова
319,Область,Московская обл.,МР/Г.О.,г. Жуковский,Улица, ул. Чкалова
320,Область,Московская обл.,МР/Г.О.,г. Жуковский,Улица, ул. Чкалова
321,Область,Московская обл.,МР/Г.О.,г. Жуковский,Улица, ул. Чкалова
322,Область,Московская обл.,МР/Г.О.,г. Жуковский,Улица, ул. Чкалова
323,Область,Московская обл.,МР/Г.О.,г. Жуковский,Улица, ул. Чкалова
324,Область,Московская обл.,МР/Г.О.,г. Жуковский,Улица, ул. Чкалова
325,Область,Московская обл.,МР/Г.О.,г. Жуковский,Улица, ул. Чкалова
326,Область,Московская обл.,МР/Г.О.,г. Жуковский,Улица, ул. Чкалова
327,Область,Московская обл.,МР/Г.О.,г. Жуковский,Улица, ул. Чкалова
328,Область,Московская обл.,МР/Г.О.,г. Жуковский,Улица, ул. Чкалова
329,Область,Московская обл.,МР/Г.О.,г. Жуковский,Улица, ул. Чкалова
330,Область,Московская обл.,МР/Г.О.,г. Жуковский,Улица, ул. Чкалова
331,Область,Московская обл.,МР/Г.О.,г. Жуковский,Улица, ул. Чкалова
332,Область,Московская обл.,МР/Г.О.,г. Жуковский,Улица, ул. Чкалова
333,Область,Московская обл.,МР/Г.О.,г. Жуковский,Улица, ул. Чкалова
334,Область,Московская обл.,МР/Г.О.,г. Жуковский,Улица, ул. Чкалова
335,Область,Московская обл.,МР/Г.О.,г. Жуковский,Улица, ул. Чкалова
336,Область,Московская обл.,МР/Г.О.,г. Жуковский,Улица, ул. Чкалова
337,Область,Московская обл.,МР/Г.О.,г. Жуковский,Улица, ул. Чкалова
338,Область,Московская обл.,МР/Г.О.,г. Жуковский,Улица, ул. Чкалова
339,Область,Московская обл.,МР/Г.О.,г. Жуковский,Улица, ул. Чкалова
340,Область,Московская обл.,МР/Г.О.,г. Жуковский,Улица, ул. Чкалова
341,Область,Московская обл.,МР/Г.О.,г. Жуковский,Улица, ул. Чкалова
342,Область,Московская обл.,МР/Г.О.,г. Жуковский,Улица, ул. Чкалова
343,Область,Московская обл.,МР/Г.О.,г. Жуковский,Улица, ул. Чкалова
344,Область,Московская обл.,МР/Г.О.,г. Жуковский,Улица, ул. Чкалова
345,Область,Московская обл.,МР/Г.О.,г. Жуковский,Улица, ул. Чкалова
346,Область,Московская обл.,МР/Г.О.,г. Жуковский,Улица, ул. Чкалова
347,Область,Московская обл.,МР/Г.О.,г. Жуковский,Улица, ул. Чкалова
348,Область,Московская обл.,МР/Г.О.,г. Жуковский,Улица, ул. Чкалова
349,Область,Московская обл.,МР/Г.О.,г. Жуковский,Улица, ул. Чкалова
350,Область,Московская обл.,МР/Г.О.,г. Жуковский,Улица, ул. Чкалова
351,Область,Московская обл.,МР/Г.О.,г. Жуковский,Улица, ул. Чкалова
352,Область,Московская обл.,МР/Г.О.,г. Жуковский,Улица, ул. Энергетическая
353,Область,Московская обл.,МР/Г.О.,г. Жуковский,Улица, ул. Анохина
354,Область,Московская обл.,МР/Г.О.,г. Жуковский,Улица, ул. Анохина
355,Область,Московская обл.,МР/Г.О.,г. Жуковский,Улица, ул. Анохина
356,Область,Московская обл.,МР/Г.О.,г. Жуковский,Улица, ул. Гризодубовой
357,Область,Московская обл.,МР/Г.О.,г. Жуковский,Улица, ул. Гризодубовой
358,Область,Московская обл.,МР/Г.О.,г. Жуковский,Улица, ул. Грищенко
359,Область,Московская обл.,МР/Г.О.,г. Жуковский,Улица, ул. Гудкова
360,Область,Московская обл.,МР/Г.О.,г. Жуковский,Улица, ул. Гудкова
361,Область,Московская обл.,МР/Г.О.,г. Жуковский,Улица, ул. Менделеева
362,Область,Московская обл.,МР/Г.О.,г. Жуковский,Улица, ул. Набережная Циолковского
363,Область,Московская обл.,МР/Г.О.,г. Жуковский,Улица, ул. Набережная Циолковского
364,Область,Московская обл.,МР/Г.О.,г. Жуковский,Улица, ул. Амет-хан Султана
365,Область,Московская обл.,МР/Г.О.,г. Жуковский,Улица, ул. Амет-хан Султана
366,Область,Московская обл.,МР/Г.О.,г. Жуковский,Улица, ул. Амет-хан Султана
367,Область,Московская обл.,МР/Г.О.,г. Жуковский,Улица, ул. Гагарина
368,Область,Московская обл.,МР/Г.О.,г. Жуковский,Улица, ул. Гарнаева
369,Область,Московская обл.,МР/Г.О.,г. Жуковский,Улица, ул. Строительная
370,Область,Московская обл.,МР/Г.О.,г. Жуковский,Улица, ул. Строительная
371,Область,Московская обл.,МР/Г.О.,г. Жуковский,Улица, ул. Строительная
372,Область,Московская обл.,МР/Г.О.,г. Жуковский,Улица, ул. Строительная
373,Область,Московская обл.,МР/Г.О.,г. Жуковский,Улица, ул. Амет-хан Султана
374,Область,Московская обл.,МР/Г.О.,г. Жуковский,Улица, ул. Амет-хан Султана
375,Область,Московская обл.,МР/Г.О.,г. Жуковский,Улица, ул. Амет-хан Султана
376,Область,Московская обл.,МР/Г.О.,г. Жуковский,Улица, ул. Амет-хан Султана
377,Область,Московская обл.,МР/Г.О.,г. Жуковский,Улица, ул. Амет-хан Султана
378,Область,Московская обл.,МР/Г.О.,г. Жуковский,Улица, ул. Амет-хан Султана
379,Область,Московская обл.,МР/Г.О.,г. Жуковский,Улица, ул. Амет-хан Султана
380,Область,Московская обл.,МР/Г.О.,г. Жуковский,Улица, ул. Амет-хан Султана
381,Область,Московская обл.,МР/Г.О.,г. Жуковский,Улица, ул. Анохина
382,Область,Московская обл.,МР/Г.О.,г. Жуковский,Улица, ул. Анохина
383,Область,Московская обл.,МР/Г.О.,г. Жуковский,Улица, ул. Анохина
384,Область,Московская обл.,МР/Г.О.,г. Жуковский,Улица, ул. Анохина
385,Область,Московская обл.,МР/Г.О.,г. Жуковский,Улица, ул. Гагарина
386,Область,Московская обл.,МР/Г.О.,г. Жуковский,Улица, ул. Гагарина
387,Область,Московская обл.,МР/Г.О.,г. Жуковский,Улица, ул. Гагарина
388,Область,Московская обл.,МР/Г.О.,г. Жуковский,Улица, ул. Гагарина
389,Область,Московская обл.,МР/Г.О.,г. Жуковский,Улица, ул. Гагарина
390,Область,Московская обл.,МР/Г.О.,г. Жуковский,Улица, ул. Гагарина
391,Область,Московская обл.,МР/Г.О.,г. Жуковский,Улица, ул. Гагарина
392,Область,Московская обл.,МР/Г.О.,г. Жуковский,Улица, ул. Гагарина
393,Область,Московская обл.,МР/Г.О.,г. Жуковский,Улица, ул. Гагарина
394,Область,Московская обл.,МР/Г.О.,г. Жуковский,Улица, ул. Гагарина
395,Область,Московская обл.,МР/Г.О.,г. Жуковский,Улица, ул. Гагарина
396,Область,Московская обл.,МР/Г.О.,г. Жуковский,Улица, ул. Гагарина
397,Область,Московская обл.,МР/Г.О.,г. Жуковский,Улица, ул. Гарнаева
398,Область,Московская обл.,МР/Г.О.,г. Жуковский,Улица, ул. Горельники
399,Область,Московская обл.,МР/Г.О.,г. Жуковский,Улица, ул. Горького
400,Область,Московская обл.,МР/Г.О.,г. Жуковский,Улица, ул. Гризодубовой
401,Область,Московская обл.,МР/Г.О.,г. Жуковский,Улица, ул. Гризодубовой
402,Область,Московская обл.,МР/Г.О.,г. Жуковский,Улица, ул. Гризодубовой
403,Область,Московская обл.,МР/Г.О.,г. Жуковский,Улица, ул. Гризодубовой
404,Область,Московская обл.,МР/Г.О.,г. Жуковский,Улица, ул. Гризодубовой
405,Область,Московская обл.,МР/Г.О.,г. Жуковский,Улица, ул. Гринчика
406,Область,Московская обл.,МР/Г.О.,г. Жуковский,Улица, ул. Гринчика
407,Область,Московская обл.,МР/Г.О.,г. Жуковский,Улица, ул. Гудкова
408,Область,Московская обл.,МР/Г.О.,г. Жуковский,Улица, ул. Заводская
409,Область,Московская обл.,МР/Г.О.,г. Жуковский,Улица, ул. Заводская
410,Область,Московская обл.,МР/Г.О.,г. Жуковский,Улица, ул. Клубная
411,Область,Московская обл.,МР/Г.О.,г. Жуковский,Улица, ул. Клубная
412,Область,Московская обл.,МР/Г.О.,г. Жуковский,Улица, ул. Клубная
413,Область,Московская обл.,МР/Г.О.,г. Жуковский,Улица, ул. Клубная
414,Область,Московская обл.,МР/Г.О.,г. Жуковский,Улица, ул. Клубная
415,Область,Московская обл.,МР/Г.О.,г. Жуковский,Улица, ул. Клубная
416,Область,Московская обл.,МР/Г.О.,г. Жуковский,Улица, ул. Клубная
417,Область,Московская обл.,МР/Г.О.,г. Жуковский,Улица, ул. Клубная
418,Область,Московская обл.,МР/Г.О.,г. Жуковский,Улица, ул. Клубная
419,Область,Московская обл.,МР/Г.О.,г. Жуковский,Улица, ул. Клубная
420,Область,Московская обл.,МР/Г.О.,г. Жуковский,Улица, ул. Клубная
421,Область,Московская обл.,МР/Г.О.,г. Жуковский,Улица, ул. Клубная
422,Область,Московская обл.,МР/Г.О.,г. Жуковский,Улица, ул. Клубная
423,Область,Московская обл.,МР/Г.О.,г. Жуковский,Улица, ул. Клубная
424,Область,Московская обл.,МР/Г.О.,г. Жуковский,Улица, ул. Клубная
425,Область,Московская обл.,МР/Г.О.,г. Жуковский,Улица, ул. Лесная
426,Область,Московская обл.,МР/Г.О.,г. Жуковский,Улица, ул. Луч
427,Область,Московская обл.,МР/Г.О.,г. Жуковский,Улица, ул. Луч
428,Область,Московская обл.,МР/Г.О.,г. Жуковский,Улица, ул. Луч
429,Область,Московская обл.,МР/Г.О.,г. Жуковский,Улица, ул. Луч
430,Область,Московская обл.,МР/Г.О.,г. Жуковский,Улица, ул. Луч
431,Область,Московская обл.,МР/Г.О.,г. Жуковский,Улица, ул. Луч
432,Область,Московская обл.,МР/Г.О.,г. Жуковский,Улица, ул. Луч
433,Область,Московская обл.,МР/Г.О.,г. Жуковский,Улица, ул. Луч
434,Область,Московская обл.,МР/Г.О.,г. Жуковский,Улица, ул. Луч
435,Область,Московская обл.,МР/Г.О.,г. Жуковский,Улица, ул. Луч
436,Область,Московская обл.,МР/Г.О.,г. Жуковский,Улица, ул. Луч
437,Область,Московская обл.,МР/Г.О.,г. Жуковский,Улица, ул. Луч
438,Область,Московская обл.,МР/Г.О.,г. Жуковский,Улица, ул. Луч
439,Область,Московская обл.,МР/Г.О.,г. Жуковский,Улица, ул. Луч
440,Область,Московская обл.,МР/Г.О.,г. Жуковский,Улица, ул. Луч
441,Область,Московская обл.,МР/Г.О.,г. Жуковский,Улица, ул. Луч
442,Область,Московская обл.,МР/Г.О.,г. Жуковский,Улица, ул. Мичурина
443,Область,Московская обл.,МР/Г.О.,г. Жуковский,Улица, ул. Мичурина
444,Область,Московская обл.,МР/Г.О.,г. Жуковский,Улица, ул. Мичурина
445,Область,Московская обл.,МР/Г.О.,г. Жуковский,Улица, ул. Мичурина
446,Область,Московская обл.,МР/Г.О.,г. Жуковский,Улица, ул. Мичурина
447,Область,Московская обл.,МР/Г.О.,г. Жуковский,Улица, ул. Мичурина
448,Область,Московская обл.,МР/Г.О.,г. Жуковский,Улица, ул. Мичурина
449,Область,Московская обл.,МР/Г.О.,г. Жуковский,Улица, ул. Мичурина
450,Область,Московская обл.,МР/Г.О.,г. Жуковский,Улица, ул. Мичурина
451,Область,Московская обл.,МР/Г.О.,г. Жуковский,Улица, ул. Нижегородская
452,Область,Московская обл.,МР/Г.О.,г. Жуковский,Улица, ул. Нижегородская
453,Область,Московская обл.,МР/Г.О.,г. Жуковский,Улица, ул. Нижегородская
454,Область,Московская обл.,МР/Г.О.,г. Жуковский,Улица, ул. Нижегородская
455,Область,Московская обл.,МР/Г.О.,г. Жуковский,Улица, ул. Нижегородская
456,Область,Московская обл.,МР/Г.О.,г. Жуковский,Улица, ул. Нижегородская
457,Область,Московская обл.,МР/Г.О.,г. Жуковский,Улица, ул. Нижегородская
458,Область,Московская обл.,МР/Г.О.,г. Жуковский,Улица, ул. Нижегородская
459,Область,Московская обл.,МР/Г.О.,г. Жуковский,Улица, ул. Нижегородская
460,Область,Московская обл.,МР/Г.О.,г. Жуковский,Улица, ул. Нижегородская
461,Область,Московская обл.,МР/Г.О.,г. Жуковский,Улица, ул. Осипенко
462,Область,Московская обл.,МР/Г.О.,г. Жуковский,Улица, ул. Осипенко
463,Область,Московская обл.,МР/Г.О.,г. Жуковский,Улица, ул. Туполева
464,Область,Московская обл.,МР/Г.О.,г. Жуковский,Улица, ул. Туполева
465,Область,Московская обл.,МР/Г.О.,г. Жуковский,Улица, ул. Туполева
466,Область,Московская обл.,МР/Г.О.,г. Жуковский,Улица, ул. Туполева
467,Область,Московская обл.,МР/Г.О.,г. Жуковский,Улица, ул. Туполева
468,Область,Московская обл.,МР/Г.О.,г. Жуковский,Улица, ул. Чапаева
469,Область,Московская обл.,МР/Г.О.,г. Жуковский,Улица, ул. Чапаева
470,Область,Московская обл.,МР/Г.О.,г. Жуковский,Улица, ул. Чапаева
471,Область,Московская обл.,МР/Г.О.,г. Жуковский,Улица, ул. Чапаева
472,Область,Московская обл.,МР/Г.О.,г. Жуковский,Улица, ул. Чапаева
473,Область,Московская обл.,МР/Г.О.,г. Жуковский,Улица, ул. Чапаева
474,Область,Московская обл.,МР/Г.О.,г. Жуковский,Улица, ул. Чапаева
475,Область,Московская обл.,МР/Г.О.,г. Жуковский,Улица, ул. Чапаева
476,Область,Московская обл.,МР/Г.О.,г. Жуковский,Улица, ул. Чапаева
477,Область,Московская обл.,МР/Г.О.,г. Жуковский,Улица, ул. Чапаева
478,Область,Московская обл.,МР/Г.О.,г. Жуковский,Улица, ул. Чапаева
479,Область,Московская обл.,МР/Г.О.,г. Жуковский,Улица, ул. Чапаева
480,Область,Московская обл.,МР/Г.О.,г. Жуковский,Улица, ул. Чапаева
481,Область,Московская обл.,МР/Г.О.,г. Жуковский,Улица, ул. Чапаева
482,Область,Московская обл.,МР/Г.О.,г. Жуковский,Улица, ул. Чапаева
483,Область,Московская обл.,МР/Г.О.,г. Жуковский,Улица, ул. Чапаева
484,Область,Московская обл.,МР/Г.О.,г. Жуковский,Улица, ул. Чапаева
485,Область,Московская обл.,МР/Г.О.,г. Жуковский,Улица, ул. Чапаева
486,Область,Московская обл.,МР/Г.О.,г. Жуковский,Улица, ул. Чапаева
487,Область,Московская обл.,МР/Г.О.,г. Жуковский,Улица, ул. Чкалова
488,Область,Московская обл.,МР/Г.О.,г. Жуковский,Улица, ул. Чкалова
489,Область,Московская обл.,МР/Г.О.,г. Жуковский,Улица, ул. Чкалова
490,Область,Московская обл.,МР/Г.О.,г. Жуковский,Улица, ул. Чкалова
491,Область,Московская обл.,МР/Г.О.,г. Жуковский,Улица, ул. Школьная
492,Область,Московская обл.,МР/Г.О.,г. Жуковский,Улица, ул. Школьная
493,Область,Московская обл.,МР/Г.О.,г. Жуковский,Улица, ул. Школьная
494,Область,Московская обл.,МР/Г.О.,г. Жуковский,Улица, ул. Школьная
495,Область,Московская обл.,МР/Г.О.,г. Жуковский,Улица, ул. Школьная
496,Область,Московская обл.,МР/Г.О.,г. Жуковский,Улица, ул. Федотова
497,Область,Московская обл.,МР/Г.О.,г. Жуковский,Улица, ул. Гудкова
498,Область,Московская обл.,МР/Г.О.,г. Жуковский,Улица, ул. Амет-хан Султана
499,Область,Московская обл.,МР/Г.О.,г. Жуковский,Улица, ул. Осипенко
500,Область,Московская обл.,МР/Г.О.,г. Жуковский,Улица, ул. Федотова
501,Область,Московская обл.,МР/Г.О.,г. Жуковский,Улица, ул. Баженова
502,Область,Московская обл.,МР/Г.О.,г. Жуковский,Улица, ул. Нижегородская
503,Область,Московская обл.,МР/Г.О.,г. Жуковский,Улица, ул. Нижегородская
504,Область,Московская обл.,МР/Г.О.,г. Жуковский,Улица, ул. Муромская
505,Область,Московская обл.,МР/Г.О.,г. Жуковский,Улица, ул. Муромская
506,Область,Московская обл.,МР/Г.О.,г. Жуковский,Улица, ул. Мясищева
507,Область,Московская обл.,МР/Г.О.,г. Жуковский,Улица, ул. Дугина
508,Область,Московская обл.,МР/Г.О.,г. Жуковский,Улица, ул. Дугина
509,Область,Московская обл.,МР/Г.О.,г. Жуковский,Улица, ул. Серова
510,Область,Московская обл.,МР/Г.О.,г. Жуковский,Улица, ул. Серова
511,Область,Московская обл.,МР/Г.О.,г. Жуковский,Улица, ул. Серова
512,Область,Московская обл.,МР/Г.О.,г. Жуковский,Улица, ул. Гагарина
513,Область,Московская обл.,МР/Г.О.,г. Жуковский,Улица, ул. Гагарина
514,Область,Московская обл.,МР/Г.О.,г. Жуковский,Улица, ул. Мясищева
515,Область,Московская обл.,МР/Г.О.,г. Жуковский,Улица, ул. Мясищева
516,Область,Московская обл.,МР/Г.О.,г. Жуковский,Улица, ул. Гагарина 
517,Область,Московская обл.,МР/Г.О.,г. Жуковский,Площадь, пл.  Московская
518,Область,Московская обл.,МР/Г.О.,г. Жуковский,Улица, ул. Набережная Циолковского
519,Область,Московская обл.,МР/Г.О.,г. Жуковский,Улица, ул. Набережная Циолковского
520,Область,Московская обл.,МР/Г.О.,г. Жуковский,Улица, ул. Набережная Циолковского
521,Область,Московская обл.,МР/Г.О.,г. Жуковский,Улица, ул. Мясищева
522,Область,Московская обл.,МР/Г.О.,г. Жуковский,Улица, ул. Дугина
523,Область,Московская обл.,МР/Г.О.,г. Жуковский,Улица, ул. Гагарина
524,Область,Московская обл.,МР/Г.О.,г. Жуковский,Улица, ул. Гагарина 
525,Область,Московская обл.,МР/Г.О.,г. Жуковский,Улица, ул. Дугина
526,Область,Московская обл.,МР/Г.О.,г. Жуковский,Улица, ул. Набережная Циолковского
527,Область,Московская обл.,МР/Г.О.,г. Жуковский,Улица, ул. Гагарина
528,Область,Московская обл.,МР/Г.О.,г. Жуковский,Улица, ул. Гагарина
529,Область,Московская обл.,МР/Г.О.,г. Жуковский,Улица, ул. Мясищева
530,Область,Московская обл.,МР/Г.О.,г. Жуковский,Улица, ул. Гарнаева
531,Область,Московская обл.,МР/Г.О.,г. Жуковский,Улица, ул. Дугина
532,Область,Московская обл.,МР/Г.О.,г. Жуковский,Улица, ул. Серова
533,Область,Московская обл.,МР/Г.О.,г. Жуковский,Улица, ул. Гагарина
534,Область,Московская обл.,МР/Г.О.,г. Жуковский,Улица, ул. Гагарина
535,Область,Московская обл.,МР/Г.О.,г. Жуковский,Улица, ул. Гагарина
536,Область,Московская обл.,МР/Г.О.,г. Жуковский,Улица, ул. Молодежная
537,Область,Московская обл.,МР/Г.О.,г. Жуковский,Улица, ул. Молодежная
538,Область,Московская обл.,МР/Г.О.,г. Жуковский,Улица, ул. Чкалова
539,Область,Московская обл.,МР/Г.О.,г. Жуковский,Улица, ул. Мясищева
540,Область,Московская обл.,МР/Г.О.,г. Жуковский,Улица, ул. Мясищева
541,Область,Московская обл.,МР/Г.О.,г. Жуковский,Улица, ул. Гагарина
542,Область,Московская обл.,МР/Г.О.,г. Жуковский,Улица, ул. Гагарина
543,Область,Московская обл.,МР/Г.О.,г. Жуковский,Улица, ул. Дугина
544,Область,Московская обл.,МР/Г.О.,г. Жуковский,Улица, ул. Гагарина
545,Область,Московская обл.,МР/Г.О.,г. Жуковский,Улица, ул. Молодежная
546,Область,Московская обл.,МР/Г.О.,г. Жуковский,Улица, ул. Чкалова
547,Область,Московская обл.,МР/Г.О.,г. Жуковский,Улица, ул. Дугина
548,Область,Московская обл.,МР/Г.О.,г. Жуковский,Улица, ул. Серова
549,Область,Московская обл.,МР/Г.О.,г. Жуковский,Улица, ул. Дугина
550,Область,Московская обл.,МР/Г.О.,г. Жуковский,Улица, ул. Молодежная
551,Область,Московская обл.,МР/Г.О.,г. Жуковский,Улица, ул. Королева
552,Область,Московская обл.,МР/Г.О.,г. Жуковский,Улица, ул. Федотова
553,Область,Московская обл.,МР/Г.О.,г. Жуковский,Улица, ул. Федотова
554,Область,Московская обл.,МР/Г.О.,г. Жуковский,Улица, ул. Маяковского
555,Область,Московская обл.,МР/Г.О.,г. Жуковский,Улица, ул. Дзержинского
556,Область,Московская обл.,МР/Г.О.,г. Жуковский,Улица, ул. Семашко
557,Область,Московская обл.,МР/Г.О.,г. Жуковский,Улица, ул. Дзержинского 
558,Область,Московская обл.,МР/Г.О.,г. Жуковский,Улица, ул. Дзержинского 
559,Область,Московская обл.,МР/Г.О.,г. Жуковский,Улица, ул. Молодежная
560,Область,Московская обл.,МР/Г.О.,г. Жуковский,Улица, ул. Дугина
561,Область,Московская обл.,МР/Г.О.,г. Жуковский,Улица, ул. Гудкова
562,Область,Московская обл.,МР/Г.О.,г. Жуковский,Улица, ул. Гудкова
563,Область,Московская обл.,МР/Г.О.,г. Жуковский,Улица, ул. Гринчика
564,Область,Московская обл.,МР/Г.О.,г. Жуковский,Улица, ул. Дугина
565,Область,Московская обл.,МР/Г.О.,г. Жуковский,Улица, ул. Муромская
566,Область,Московская обл.,МР/Г.О.,г. Жуковский,Улица, ул. Лесная
567,Область,Московская обл.,МР/Г.О.,г. Жуковский,Улица, ул. Горельники
568,Область,Московская обл.,МР/Г.О.,г. Жуковский,Улица, ул. Жуковского
569,Область,Московская обл.,МР/Г.О.,г. Жуковский,Улица, ул. Набережная Циолковского
570,Область,Московская обл.,МР/Г.О.,г. Жуковский,Улица, ул. Жуковского
571,Область,Московская обл.,МР/Г.О.,г. Жуковский,Улица, ул. Гризодубовой
572,Область,Московская обл.,МР/Г.О.,г. Жуковский,Улица, ул. Маяковского
573,Область,Московская обл.,МР/Г.О.,г. Жуковский,Улица, ул. Люберецкая
574,Область,Московская обл.,МР/Г.О.,г. Жуковский,Улица, ул. Дугина
575,Область,Московская обл.,МР/Г.О.,г. Жуковский,Улица, ул. Нижегородская
576,Область,Московская обл.,МР/Г.О.,г. Жуковский,Улица, ул. Нижегородская
577,Область,Московская обл.,МР/Г.О.,г. Жуковский,Улица, ул. Нижегородская
578,Область,Московская обл.,МР/Г.О.,г. Жуковский,Улица, ул. Нижегородская
579,Область,Московская обл.,МР/Г.О.,г. Жуковский,Улица, ул. Нижегородская
580,Область,Московская обл.,МР/Г.О.,г. Жуковский,Улица, ул. Нижегородская
581,Область,Московская обл.,МР/Г.О.,г. Жуковский,Улица, ул. Нижегородская
582,Область,Московская обл.,МР/Г.О.,г. Жуковский,Улица, ул. Коминтерна
583,Область,Московская обл.,МР/Г.О.,г. Жуковский,Улица, ул. Коминтерна
584,Область,Московская обл.,МР/Г.О.,г. Жуковский,Улица, ул. Коминтерна
585,Область,Московская обл.,МР/Г.О.,г. Жуковский,Улица, ул. Безымянная
586,Область,Московская обл.,МР/Г.О.,г. Жуковский,Улица, ул. Гринчика
587,Область,Московская обл.,МР/Г.О.,г. Жуковский,Улица, ул. Чкалова
588,Область,Московская обл.,МР/Г.О.,г. Жуковский,Улица, ул. Серова
589,Область,Московская обл.,МР/Г.О.,г. Жуковский,Улица, ул. Горького
590,Область,Московская обл.,МР/Г.О.,г. Жуковский,Улица, ул. Дугина
592,Область,Московская обл.,МР/Г.О.,г. Жуковский,Улица, ул. Фрунзе
593,Область,Московская обл.,МР/Г.О.,г. Жуковский,Улица, ул. Неизвестная 
594,Область,Московская обл.,МР/Г.О.,г. Жуковский,Улица, ул. Неизвестная 
595,Область,Московская обл.,МР/Г.О.,г. Жуковский,Улица, ул. Амет-хан Султана
596,Область,Московская обл.,МР/Г.О.,г. Жуковский,Улица, ул. Нижегородская
597,Область,Московская обл.,МР/Г.О.,г. Жуковский,Улица, ул. Нижегородская
598,Область,Московская обл.,МР/Г.О.,г. Жуковский,Улица, ул. Серова
599,Область,Московская обл.,МР/Г.О.,г. Жуковский,Улица, ул. Солнечная
600,Область,Московская обл.,МР/Г.О.,г. Жуковский,Улица, ул. Чкалова
602,Область,Московская обл.,МР/Г.О.,г. Жуковский,Улица, ул. Солнечная
603,Область,Московская обл.,МР/Г.О.,г. Жуковский,Улица, ул. Чаплыгина
604,Область,Московская обл.,МР/Г.О.,г. Жуковский,Улица, ул. Чаплыгина
605,Область,Московская обл.,МР/Г.О.,г. Жуковский,Улица, ул. Нижегородская
606,Область,Московская обл.,МР/Г.О.,г. Жуковский,Улица, ул. Дугина
607,Область,Московская обл.,МР/Г.О.,г. Жуковский,Улица, ул. Нижегородская
3965,Область,Московская обл.,МР/Г.О.,г. Жуковский,Улица, ул. Туполева
3966,Область,Московская обл.,МР/Г.О.,г. Жуковский,Улица, ул. Солнечная
3967,Область,Московская обл.,МР/Г.О.,г. Жуковский,Улица, ул. Московская
3968,Область,Московская обл.,МР/Г.О.,г. Жуковский,Улица, ул. Жуковского
3969,Область,Московская обл.,МР/Г.О.,г. Жуковский,Улица, ул. Туполева
3970,Область,Московская обл.,МР/Г.О.,г. Жуковский,Улица, ул. Гагарина
3971,Область,Московская обл.,МР/Г.О.,г. Жуковский,Улица, ул. Энергетическая
3972,Область,Московская обл.,МР/Г.О.,г. Жуковский,Улица, ул. Энергетическая
3973,Область,Московская обл.,МР/Г.О.,г. Жуковский,Улица, ул. Гарнаева
3974,Область,Московская обл.,МР/Г.О.,г. Жуковский,Улица, ул. Жуковского
3975,Область,Московская обл.,МР/Г.О.,г. Жуковский,Проезд, пр-д.  Коммунальный
3976,Область,Московская обл.,МР/Г.О.,г. Жуковский,Улица, ул. Спасателей
3996,Область,Московская обл.,МР/Г.О.,г. Жуковский,Улица, ул. Гагарина
4001,Область,Московская обл.,МР/Г.О.,г. Жуковский,Улица, ул. Лесная
