id;provider_id;parent_id;name;period_acceptance;period_execution;Требуется акт
3883;1.9;;440. Добродел - Многоквартирные дома;24;96;1
3896;1.9;3883;440.001. Авария на трубопроводе ц/о (в т.ч.течь стояков системы отопления );24;96;1
3977;1.9;3883;440.002. Авария на трубопроводе ХВС (в т.ч.течь стояков системы ХВС);24;96;1
3967;1.9;3883;440.003. Внесение многоквартирных домов в реестр лицензии управляющей организации;24;96;1
3944;1.9;3883;440.004. Выставление платы за дополнительные услуги;24;96;1
3978;1.9;3883;440.005. Деформации и повреждения ограждающих перил и поручней в подъезде;24;96;1
3946;1.9;3883;440.006. Завышение платы (несоответствие порядка) за коммунальные услуги;24;96;1
3947;1.9;3883;440.007. Завышенные объемы потребления коммунальных услуг ЦО, ГВС, ХВС, ЭЭ;24;96;1
3979;1.9;3883;440.008. Заизолировать стояки, трубопроводы системы отопления;24;96;1
3966;1.9;3883;440.009. Законность выдачи лицензий управляющим организациям;24;96;1
3938;1.9;3883;440.010. Залитие квартиры;24;96;1
3909;1.9;3883;440.011. Засор в общедомовой системе водоотведения (канализации);24;96;1
3914;1.9;3883;440.012. Засор мусоропровода;24;96;1
3920;1.9;3883;440.013. Захламление межквартирных холлов;24;96;1
3930;1.9;3883;440.014. Захламление подвала (чердака);24;96;1
3941;1.9;3883;440.015. Использование газопроводов в качестве опор для других устройств;24;96;1
3960;1.9;3883;440.016. Использование жилых помещений не по целевому назначению;24;96;1
3962;1.9;3883;440.017. Использование мест общего пользования не по целевому назначению;24;96;1
3961;1.9;3883;440.018. Использование нежилых помещений не по целевому назначению;24;96;1
3953;1.9;3883;440.019. Легитимность выбора председателей, правления ТСЖ, ЖСК, ТСН;24;96;1
3952;1.9;3883;440.020. Легитимность создания ТСЖ, ЖСК, ТСН и др объединений;24;96;1
3980;1.9;3883;440.021. Монтаж электрических проводов не соответствует нормативным требованиям;24;96;1
3981;1.9;3883;440.022. Наледь и сосульки на козырьках балконов/лоджий;24;96;1
3889;1.9;3883;440.023. Наледь и сосульки на кровле;24;96;1
3926;1.9;3883;440.024. Наличие грызунов и насекомых в подвале (на чердаке);24;96;1
3940;1.9;3883;440.025. Наличие коррозии газопроводов;24;96;1
3894;1.9;3883;440.026. Нарушение окрасочного слоя стен, облицовки фасада (цоколя);24;96;1
3916;1.9;3883;440.027. Нарушено окрасочное покрытие стен, потолков подъездов;24;96;1
3983;1.9;3883;440.028. Не обеспечена защита этажных электрощитков от доступа посторонних лиц;24;96;1
3888;1.9;3883;440.029. Не прогревается (не полностью прогревается) прибор отопления;24;96;1
3984;1.9;3883;440.030. Не прогревается полотенцесушитель в квартире;24;96;1
3937;1.9;3883;440.031. Не работает вентиляция в квартире;24;96;1
3933;1.9;3883;440.032. Не работает общедомовая телевизионная антенна;24;96;1
3985;1.9;3883;440.033. Не соблюдение требований к порядку размещения информации в ГИС ЖКХ;24;96;1
3959;1.9;3883;440.034. Не соблюдение требований Стандарта раскрытия информации управляющими организациями;24;96;1
3956;1.9;3883;440.035. Незаконная перепланировка/переоборудование в жилых помещениях;24;96;1
3957;1.9;3883;440.036. Незаконная перепланировка/переоборудование в нежилых помещениях;24;96;1
3958;1.9;3883;440.037. Незаконная перепланировка/переоборудование мест общего пользования;24;96;1
3986;1.9;3883;440.038. Незаконное проживание людей в местах общего пользования (в т.ч.подвалы и чердаки);24;96;1
3922;1.9;3883;440.039. Незаконное размещение рекламы в МОП;24;96;1
3982;1.9;3883;440.040. Неисправно освещение подъезда/входной группы;24;96;1
3932;1.9;3883;440.041. Неисправности входных дверей в подвал (чердак, выхода на кровлю);24;96;1
3917;1.9;3883;440.042. Неисправности дверей в местах общего пользования;24;96;1
3913;1.9;3883;440.043. Неисправности конструкций мусоропровода;24;96;1
3911;1.9;3883;440.044. Неисправности лифтового оборудования;24;96;1
3918;1.9;3883;440.045. Неисправности оконных рам (в т.ч. нарушение целостности остекления);24;96;1
3987;1.9;3883;440.046. Неисправность автомата защиты в вводно-распределительном устройстве дома / в этажных электрощитках;24;96;1
3969;1.9;3883;440.047. Неисправность в МКД ОДПУ;24;96;1
3890;1.9;3883;440.048. Неисправность выступающих конструкций: балконов,козырьков, эркеров, карнизов входных крылец и т. п.;24;96;1
3891;1.9;3883;440.049. Неисправность герметизации межпанельных швов, стыков стеновых панелей;24;96;1
3924;1.9;3883;440.050. Неисправность конструкций внутренних стен;24;96;1
3919;1.9;3883;440.051. Неисправность конструкций полов, ступеней и лестниц;24;96;1
3887;1.9;3883;440.052. Неисправность кровельного покрытия;24;96;1
3988;1.9;3883;440.053. Неисправность подъемной платформы для инвалидов;24;96;1
3989;1.9;3883;440.054. Неисправность систем дымоудаления;24;96;1
3885;1.9;3883;440.055. Неисправность систем наружного/внутреннего водоотвода;24;96;1
3990;1.9;3883;440.056. Неисправность систем пожарной сигнализации;24;96;1
3991;1.9;3883;440.057. Неисправность систем пожаротушения (в т.ч.пожарный гидрант в МКД);24;96;1
3908;1.9;3883;440.058. Неисправность электрооборудования в местах общего пользования;24;96;1
3972;1.9;3883;440.059. Неисправность, замена, проведение поверки ИПУ в квартирах, находящихся в собственности;24;96;1
3973;1.9;3883;440.060. Неисправность, замена, проведение поверки ИПУ в наемных квартирах;24;96;1
3951;1.9;3883;440.061. Некачественно выполненный капитальный ремонт;24;96;1
3992;1.9;3883;440.062. Ненадлежащая уборка лифтов (нарушение периодичности уборки, наличие мусора и грязи);24;96;1
3921;1.9;3883;440.063. Ненадлежащая уборка подъездов (нарушение периодичности уборки, наличие мусора и грязи);24;96;1
3901;1.9;3883;440.064. Ненадлежащее качество коммунальной услуги по горячему водоснабжению низкая/высокая температура горячей воды в квартире;24;96;1
3898;1.9;3883;440.065. Ненадлежащее качество коммунальной услуги по отоплению (холодно/жарко в квартире);24;96;1
3976;1.9;3883;440.066. Ненадлежащее содержание и эксплуатация МКД;24;96;1
3993;1.9;3883;440.067. Ненадлежащее содержание паркинга в МКД;24;96;1
3906;1.9;3883;440.068. Ненадлежащее состояние трубопроводов и стояков системы холодного водоснабжения;24;96;1
3950;1.9;3883;440.069. Непроведение капитального ремонта;24;96;1
3994;1.9;3883;440.070. Непроведение мероприятий по ликвидации грызунов, насекомых в подъезде;24;96;1
3949;1.9;3883;440.071. Непроведение перерасчета платы за некачественно оказанные жилищно-коммунальные услуги;24;96;1
3948;1.9;3883;440.072. Непроведение/некорректное проведение ежегодного перерасчета платы за отопление (при наличии ОДПУ);24;96;1
3893;1.9;3883;440.073. Несанкционированные надписи, рисунки, реклама на фасаде МКД;24;96;1
3995;1.9;3883;440.074. Несвоевременная очистка кровли от мусора и козырьков над подъездами;24;96;1
3955;1.9;3883;440.075. Несоответствие договора управления МКД;24;96;1
3943;1.9;3883;440.076. Несоответствие площади;24;96;1
3954;1.9;3883;440.077. Несоответствие устава ТСЖ, ЖСК, ТСН;24;96;1
3942;1.9;3883;440.078. Несоответствие, необоснованное завышение тарифа на содержание и текущий ремонт;24;96;1
3945;1.9;3883;440.079. Несоответствие, необоснованное завышение тарифов за коммунальные услуги;24;96;1
3915;1.9;3883;440.080. Неудовлетворительное санитарное состояние мусорокамеры;24;96;1
3923;1.9;3883;440.081. Неудовлетворительное состояние почтовых ящиков;24;96;1
3974;1.9;3883;440.082. Неудовлетворительное техническое состояние пандуса в подъезде;24;96;1
3975;1.9;3883;440.083. Неудовлетворительное техническое состояние пандуса при входе в подъезд;24;96;1
3899;1.9;3883;440.084. Низкая температура в подъезде;24;96;1
3902;1.9;3883;440.085. Низкое/высокое давление (напор) горячей воды;24;96;1
3905;1.9;3883;440.086. Низкое/высокое давление (напор) холодной воды;24;96;1
3912;1.9;3883;440.087. Отключен лифт;24;96;1
3968;1.9;3883;440.088. Отсутствие в МКД ОДПУ;24;96;1
3900;1.9;3883;440.089. Отсутствие горячей воды;24;96;1
3939;1.9;3883;440.090. Отсутствие договора на техническое обслуживание внутридомового газового оборудования;24;96;1
3996;1.9;3883;440.091. Отсутствие информации об УО на стендах в МОП;24;96;1
3925;1.9;3883;440.092. Отсутствие освещения подвала (чердака);24;96;1
3897;1.9;3883;440.093. Отсутствие отопления;24;96;1
3904;1.9;3883;440.094. Отсутствие холодной воды;24;96;1
3907;1.9;3883;440.095. Отсутствие электроснабжения квартиры;24;96;1
3997;1.9;3883;440.096. Отсутствие/повреждение указателей с наименованием улицы и номером дома;24;96;1
3963;1.9;3883;440.097. Перевод жилых помещений в нежилые;24;96;1
3964;1.9;3883;440.098. Перевод нежилых помещений в жилые;24;96;1
3928;1.9;3883;440.099. Переустройство подвального (перепланировка) помещения;24;96;1
3998;1.9;3883;440.100. Повреждение крепления газопровода;24;96;1
3892;1.9;3883;440.101. Повреждение наружных стен МКД;24;96;1
3895;1.9;3883;440.102. Повреждение, отсутствие или проседание отмостки;24;96;1
3934;1.9;3883;440.103. Повышенная влажность в жилом помещении (без залития);24;96;1
3929;1.9;3883;440.104. Повышенная влажность в подвале (на чердаке);24;96;1
3999;1.9;3883;440.105. Подмес горячей воды в холодную;24;96;1
3927;1.9;3883;440.106. Подтопление подвала;24;96;1
;1.9;3883;440.107. Постановка на кадастровый учет жилого объекта;24;96;1
4000;1.9;3883;440.108. Предоставление электроснабжения в квартиру с перебоями;24;96;1
3965;1.9;3883;440.109. Признание жилых помещений непригодными для проживания;24;96;1
3935;1.9;3883;440.110. Промерзание стен в квартире (в зимний период);24;96;1
4001;1.9;3883;440.111. Проседание фундамента (в т.ч. наличие трещин);24;96;1
3886;1.9;3883;440.112. Протечки с кровли (системы водостока);24;96;1
3910;1.9;3883;440.113. Течь (негерметичность) системы водоотведения (канализации);24;96;1
3936;1.9;3883;440.114. Течь или неисправности инженерного оборудования в квартире;24;96;1
3903;1.9;3883;440.115. Течь стояков системы ГВС трубопроводов, отсутствие теплоизоляции;24;96;1
3970;1.9;3883;440.116. Установка ИПУ в квартире, находящейся в собственности;24;96;1
3971;1.9;3883;440.117. Установка ИПУ в муниципальной квартире;24;96;1
3931;1.9;3883;440.118. Шум от работы инженерного оборудования, размещенного в подвале,на чердаке или в МОП;24;96;1
4004;1.9;;441. Добродел - Автомобильные дороги;24;96;1
;1.9;4004;441.001. Аварийные опоры линий наружного освещения;24;96;1
;1.9;4004;441.002. Дорога к СНТ;24;96;1
;1.9;4004;441.003. Жалобы на работу профильного ведомства (дороги);24;96;1
;1.9;4004;441.004. Замена комплектующих дорожных знаков;24;96;1
;1.9;4004;441.005. Замечания к качеству и комплектности автобусной остановки;24;96;1
;1.9;4004;441.006. Земли, находящиеся в зоне строительства;24;96;1
;1.9;4004;441.007. Изменить организацию движения;24;96;1
;1.9;4004;441.008. Ливневые канализации (строительство и реконструкция);24;96;1
;1.9;4004;441.009. Нанести разметку на проезжую часть;24;96;1
;1.9;4004;441.010. Нарушение нормативов по содержанию автобусных остановок;24;96;1
;1.9;4004;441.011. Нарушение технологии и (или) сроков производства работ;24;96;1
;1.9;4004;441.012. Некачественно выполненный ремонт дорог;24;96;1
;1.9;4004;441.013. Некачественно нанесенная разметка на проезжей части;24;96;1
;1.9;4004;441.014. Необходима установка и замена дорожных ограждений;24;96;1
;1.9;4004;441.015. Неработающие линии наружного освещения;24;96;1
;1.9;4004;441.016. Неработающие светильники;24;96;1
;1.9;4004;441.017. Несанкционированное ограничение движения, помехи движению, захват земли в полосе отвода автодорог;24;96;1
;1.9;4004;441.018. Несанкционированные свалки, мусор на дорогах;24;96;1
;1.9;4004;441.019. Несоблюдение правил уборки проезжей части;24;96;1
;1.9;4004;441.020. Обращения о необходимости вывезти снег после уборки;24;96;1
;1.9;4004;441.021. Обращения о необходимости очистить автобусную остановку от снега и наледи;24;96;1
;1.9;4004;441.022. Обращения о необходимости очистить дороги от снега и наледи;24;96;1
;1.9;4004;441.023. Обращения о необходимости очистить тротуар от снега и наледи;24;96;1
;1.9;4004;441.024. Обустройство пешеходного перехода;24;96;1
;1.9;4004;441.025. Окос и опиловка зеленых насаждений и деревьев вдоль дорог;24;96;1
;1.9;4004;441.026. Организация специализированных мест для инвалидов на существующих парковках;24;96;1
;1.9;4004;441.027. Отремонтировать участок дороги;24;96;1
;1.9;4004;441.028. Отсутствие люка, решетки канализации;24;96;1
;1.9;4004;441.029. Подтопление автомобильных дорог;24;96;1
;1.9;4004;441.030. Предложение изменения типа дорожного покрытия;24;96;1
;1.9;4004;441.031. Предложение по обустройству велодорожки;24;96;1
;1.9;4004;441.032. Предложение по строительству или реконструкции дороги;24;96;1
;1.9;4004;441.033. Предложения по установке новых линий освещения;24;96;1
;1.9;4004;441.034. Предложить (возразить) парковку на улично-дорожной сети;24;96;1
;1.9;4004;441.035. Предложить дорогу в план ремонта;24;96;1
;1.9;4004;441.036. Предложить тротуар в план строительства, обустройства;24;96;1
;1.9;4004;441.037. Предложить установку нового лежачего полицейского (ИДН);24;96;1
;1.9;4004;441.038. Прочие проблемы;24;96;1
;1.9;4004;441.039. Ремонт и замена частей лежачих полицейских (ИДН);24;96;1
;1.9;4004;441.040. Ремонт светофора;24;96;1
;1.9;4004;441.041. Ремонт тротуаров;24;96;1
;1.9;4004;441.042. Содержание дорожных знаков;24;96;1
;1.9;4004;441.043. Содержание дорожных ограждений, демонтаж аварийных дорожных ограждений;24;96;1
;1.9;4004;441.044. Содержание и изменение режима работы светофора;24;96;1
;1.9;4004;441.045. Содержание парковочных мест;24;96;1
;1.9;4004;441.046. Создание безбарьерной среды для инвалидов и маломобильных групп населения на объектах дорожной инфраструктуры;24;96;1
;1.9;4004;441.047. Сообщить о безхозяйной дороге;24;96;1
;1.9;4004;441.048. Уборка от грязи и мусора остановочного павильона;24;96;1
;1.9;4004;441.049. Уборка тротуаров от мусора и грязи;24;96;1
;1.9;4004;441.050. Уборка, чистка светильников, опор наружного освещения;24;96;1
;1.9;4004;441.051. Укрепление обочин;24;96;1
;1.9;4004;441.052. Установить автобусный павильон, заменить автобусный павильон на новый;24;96;1
;1.9;4004;441.053. Установить светофор (оборудовать светофор кнопкой вызова, дополнительной секцией);24;96;1
;1.9;4004;441.054. Установка дополнительных технических средств безопасности дорожного движения;24;96;1
;1.9;4004;441.055. Установка новых дорожных знаков, с внесением в схему дислокации, замена старых знаков на новые;24;96;1
;1.9;4004;441.056. Ямы и выбоины на дороге;24;96;1
4015;1.9;;442. Добродел - Архитектура;24;96;1
;1.9;4015;442.001. Прочие проблемы;24;96;1
;1.9;4015;442.002. Соблюдение органами местного самоуправления законодательства о градостроительной деятельности;24;96;1
;1.9;4015;442.003. Утверждение архитектурно-градостроительного облика объектов капитального строительства;24;96;1
4006;1.9;;443. Добродел - Безопасность;24;96;1
;1.9;4006;443.001. Наличие видеокамер подключенных к системе «Безопасный регион»;24;96;1
;1.9;4006;443.002. Объявления о продаже наркотиков;24;96;1
;1.9;4006;443.003. Предоставить выгрузку и/или сохранить видеозаписи из системы «Безопасный регион»;24;96;1
;1.9;4006;443.004. Установка видеокамер системы «Безопасный регион»;24;96;1
4007;1.9;;444. Добродел - Благоустройство дворовой территории МКД, детские площадки.;24;96;1
;1.9;4007;444.001. Комплексное благоустройство дворовой территории МКД;24;96;1
;1.9;4007;444.002. Обустройство асфальтового покрытия парковки, внутридворового проезда, тротуара, пешеходной дорожки, въезда во двор;24;96;1
;1.9;4007;444.003. Обустройство или модернизация детской площадки;24;96;1
;1.9;4007;444.004. Обустройство или модернизация площадки для отдыха на дворовой территории МКД;24;96;1
;1.9;4007;444.005. Обустройство контейнерной площадки;24;96;1
;1.9;4007;444.006. Озеленение дворовой территории МКД;24;96;1
;1.9;4007;444.007. Установка ИДН, информационных знаков о запрете выгула собак, месте для инвалидов;24;96;1
;1.9;4007;444.008. Установка информационного стенда, лавочек, урн на дворовой территории МКД;24;96;1
;1.9;4007;444.009. Установка ограждений, препятствующих въезду на тротуар, газон на дворовой территории МКД;24;96;1
4008;1.9;;445. Добродел - Благоустройство общественного пространства;24;96;1
;1.9;4008;445.001. Благоустройство общественного пространства (парк, сквер, пешеходная зона, бульвар, набережная, центральная улица или площадь);24;96;1
4009;1.9;;446. Добродел - Водоснабжение, водоотведение;24;96;1
;1.9;4009;446.001. Отключение горячей воды по причине задолженности ресурсоснабжающей организации;24;96;1
;1.9;4009;446.002. Технологическое присоединение объектов капитального строительства к централизованным системам водоотведения;24;96;1
;1.9;4009;446.003. Технологическое присоединение объектов капитального строительства к централизованным системам горячего водоснабжения;24;96;1
;1.9;4009;446.004. Технологическое присоединение объектов капитального строительства к централизованным системам холодного водоснабжения;24;96;1
4010;1.9;;447. Добродел - Газоснабжение;24;96;1
;1.9;4010;447.001. Восстановление газоснабжения;24;96;1
;1.9;4010;447.002. Газификация в рамках программы;24;96;1
;1.9;4010;447.003. Газификация от закрытого источника газоснабжения;24;96;1
;1.9;4010;"447.004. Клиентские офисы АО ""Мособлгаз""";24;96;1
;1.9;4010;447.005. Отсутствие газоснабжения по причине задолженности в СНТ;24;96;1
;1.9;4010;447.006. Сжиженный углеводородный газ (пропан-бутан);24;96;1
;1.9;4010;447.007. Технологическое присоединение к сетям газораспределения;24;96;1
4011;1.9;;448. Добродел - Дворы и территории общего пользования;24;96;1
;1.9;4011;448.001. Брошенный автомобиль;24;96;1
;1.9;4011;448.002. Нарушение правил проведения земляных работ;24;96;1
;1.9;4011;448.003. Нарушение правил уборки внутридворового проезда, пешеходной дорожки;24;96;1
;1.9;4011;448.004. Нарушение правил уборки газона;24;96;1
;1.9;4011;448.005. Нарушение правил уборки детской игровой и спортивной площадки;24;96;1
;1.9;4011;448.006. Нарушение правил уборки и вывоза загрязненного снега и наледи на газоне;24;96;1
;1.9;4011;448.007. Нарушение правил уборки и вывоза порубочных остатков;24;96;1
;1.9;4011;448.008. Нарушение правил уборки и вывоза строительных отходов и материалов;24;96;1
;1.9;4011;448.009. Нарушение правил уборки мест массового посещения и отдыха;24;96;1
;1.9;4011;448.010. Нарушение правил уборки от снега и наледи внутридворового проезда, тротуара, площади;24;96;1
;1.9;4011;448.011. Нарушение правил уборки от снега и наледи детской игровой и спортивной площадки;24;96;1
;1.9;4011;448.012. Нарушение правил уборки от снега и наледи территории контейнерной площадки;24;96;1
;1.9;4011;448.013. Нарушение правил уборки от снега и наледи территории парка и сквера;24;96;1
;1.9;4011;448.014. Нарушение правил уборки территории контейнерной площадки;24;96;1
;1.9;4011;448.015. Незаконная вырубка деревьев в населенных пунктах;24;96;1
;1.9;4011;448.016. Незаконное размещение информационных материалов (баннеры, вывески, конструкции, объявления и граффити) на нежилых зданиях, сооружениях, тротуарах;24;96;1
;1.9;4011;448.017. Незаконное размещение информационных материалов (таблички, баннеры, листовки, граффити) на столбах, деревьях, ограждениях;24;96;1
;1.9;4011;448.018. Незаконные отдельно стоящие рекламные конструкции на земельных участках, независимо от форм собственности;24;96;1
;1.9;4011;448.019. Неисправная подсветка рекламных и информационных объектов;24;96;1
;1.9;4011;448.020. Неисправные фонари освещения в парках и скверах;24;96;1
;1.9;4011;448.021. Неисправные фонари освещения на внутридворовой территории;24;96;1
;1.9;4011;448.022. Неисправные фонари освещения на детской или спортивной площадке;24;96;1
;1.9;4011;448.023. Неисправные фонари освещения на контейнерной площадке;24;96;1
;1.9;4011;448.024. Неисправные фонари освещения на улицах, проездах и площадях;24;96;1
;1.9;4011;448.025. Ненадлежащее содержание зеленых насаждений (газонов);24;96;1
;1.9;4011;448.026. Ненадлежащее содержание контейнерной площадки;24;96;1
;1.9;4011;448.027. Ненадлежащее состояние деревьев и кустарников;24;96;1
;1.9;4011;448.028. Ненадлежащее состояние игровых элементов на детской или спортивной площадке;24;96;1
;1.9;4011;448.029. Ненадлежащее состояние информационного щита на детской площадке;24;96;1
;1.9;4011;448.030. Ненадлежащее состояние лавочек на детской или спортивной площадке;24;96;1
;1.9;4011;448.031. Ненадлежащее состояние ограждений на детской или спортивной площадке;24;96;1
;1.9;4011;448.032. Ненадлежащее состояние покрытия на детской или спортивной площадке;24;96;1
;1.9;4011;448.033. Ненадлежащее состояние урн на детской или спортивной площадке;24;96;1
;1.9;4011;448.034. Ненадлежащее состояние фасадов нежилых зданий, объектов и ограждений;24;96;1
;1.9;4011;448.035. Неправильное размещение мусорных контейнеров;24;96;1
;1.9;4011;448.036. Несанкционированные свалки и навалы мусора во дворах и на территории общего пользования;24;96;1
;1.9;4011;448.037. Открытые канализационные люки;24;96;1
;1.9;4011;448.038. Отсутствие (замена) песка в песочнице;24;96;1
;1.9;4011;448.039. Подтопление территории;24;96;1
;1.9;4011;448.040. Прочие проблемы;24;96;1
;1.9;4011;448.041. Разрушение тротуаров и пешеходных дорожек;24;96;1
;1.9;4011;448.042. Самовольная установка ограждений на территории общего пользования;24;96;1
;1.9;4011;448.043. Самовольно установленные гаражи;24;96;1
;1.9;4011;448.044. Создание безбарьерной среды для инвалидов и маломобильных групп населения на объектах благоустройства;24;96;1
;1.9;4011;448.045. Сообщить о СНТ, в котором нет места сбора мусора;24;96;1
;1.9;4011;448.046. Угроза падения льда (сосулек) с крыш нежилых зданий;24;96;1
;1.9;4011;448.047. Ямы во дворах;24;96;1
4012;1.9;;449. Добродел - Капитальный ремонт общего имущества МКД;24;96;1
;1.9;4012;449.001. Внесение изменений в персональные данные собственника помещения МКД;24;96;1
;1.9;4012;449.002. Дата возникновения обязанности по оплате взносов на капитальный ремонт;24;96;1
;1.9;4012;449.003. Информация о порядке включения/исключения МКД в Региональную программу капитального ремонта общего имущества МКД;24;96;1
;1.9;4012;449.004. Правомерность выставления долговых платежных документов за капитальный ремонт;24;96;1
;1.9;4012;449.005. Сроки проведения капитального ремонта, запланированные виды работ;24;96;1
4013;1.9;;450. Добродел - Медицина;24;96;1
;1.9;4013;450.001. В медицинской организации не выписывают льготный рецепт;24;96;1
;1.9;4013;450.002. Врач не пришел после вызова на дом;24;96;1
;1.9;4013;450.003. Дератизация, дезинфекция и дезинсекция;24;96;1
;1.9;4013;450.004. Консультация о деятельности Министерства;24;96;1
;1.9;4013;450.005. Нарушения действующих нормативных документов;24;96;1
;1.9;4013;450.006. Не выдали заключение на руки;24;96;1
;1.9;4013;450.007. Некорректная работа скорой медицинской помощи;24;96;1
;1.9;4013;450.008. Ненадлежащее предоставление коммунальных услуг в медицинской организации;24;96;1
;1.9;4013;450.009. Необоснованное взимание платы за медицинские услуги;24;96;1
;1.9;4013;450.010. О проявлении коррупции в здравоохранении;24;96;1
;1.9;4013;450.011. Оказание медицинской помощи не в полном объеме;24;96;1
;1.9;4013;450.012. Отказ в оказании медицинской помощи;24;96;1
;1.9;4013;450.013. Отсутствие льготных лекарственных препаратов в аптеках;24;96;1
;1.9;4013;450.014. Отсутствие льготных лекарственных препаратов в стационаре;24;96;1
;1.9;4013;450.015. Отсутствие ремонта в медицинской организации;24;96;1
;1.9;4013;450.016. Отсутствует необходимый медицинский специалист;24;96;1
;1.9;4013;450.017. Очередь на плановый прием к врачу (взрослое население);24;96;1
;1.9;4013;450.018. Очередь на плановый прием к врачу (детское население);24;96;1
;1.9;4013;450.019. Проблема с вызовом врача на дом;24;96;1
;1.9;4013;450.020. Проблемы в работе Сall центра;24;96;1
;1.9;4013;450.021. Проблемы с аптечными пунктами;24;96;1
;1.9;4013;450.022. Проблемы с выдачей питания в молочной кухне;24;96;1
;1.9;4013;450.023. Проблемы с медицинской картой;24;96;1
;1.9;4013;450.024. Проблемы с нецелевым использованием помещений;24;96;1
;1.9;4013;450.025. Проблемы с оборудованием в лечебном учреждении;24;96;1
;1.9;4013;450.026. Проблемы с обработкой листов ожидания;24;96;1
;1.9;4013;450.027. Проблемы с получением справочной информации;24;96;1
;1.9;4013;450.028. Проблемы с прикреплением к медицинской организации;24;96;1
;1.9;4013;450.029. Прочие проблемы;24;96;1
;1.9;4013;450.030. Создание безбарьерной среды для инвалидов и маломобильных групп населения в медицинских учреждениях;24;96;1
;1.9;4013;450.031. Строительство медицинской организации;24;96;1
;1.9;4013;450.032. Технические проблемы с записью на прием к врачу;24;96;1
;1.9;4013;450.033. Технические проблемы с оформлением листов ожидания;24;96;1
;1.9;4013;450.034. Хамство медицинских работников;24;96;1
;1.9;4013;450.035. Цена на лекарственный препарат выше зарегистрированной в ГРЛС;24;96;1
;1.9;4013;450.036. Вы сейчас смотрите проблемы в категории:;24;96;1
4014;1.9;;451. Добродел - Наружное освещение;24;96;1
;1.9;4014;451.001. Отсутствие архитектурно-художественной подсветки здания;24;96;1
;1.9;4014;451.002. Отсутствие архитектурно-художественной подсветки памятника;24;96;1
;1.9;4014;451.003. Отсутствие наружного освещения в парке;24;96;1
;1.9;4014;451.004. Отсутствие наружного освещения дворовой территории;24;96;1
;1.9;4014;451.005. Отсутствие наружного освещения на детской/спортивной площадке;24;96;1
;1.9;4014;451.006. Отсутствие наружного освещения на улице;24;96;1
;1.9;4014;451.007. Отсутствие наружного освещения пешеходной зоны;24;96;1
4015;1.9;;452. Добродел - Образование;24;96;1
;1.9;4015;452.001. Безнадзорные животные на территории образовательных учреждений;24;96;1
;1.9;4015;452.002. Безопасность образовательных организаций;24;96;1
;1.9;4015;452.003. Благоустройство образовательных организаций;24;96;1
;1.9;4015;452.004. Вопросы функционирования образовательных организаций;24;96;1
;1.9;4015;452.005. Выплаты обучающимся в образовательных организациях;24;96;1
;1.9;4015;452.006. Заболевания в образовательных организациях;24;96;1
;1.9;4015;452.007. Заработная плата в образовательных организациях;24;96;1
;1.9;4015;452.008. Защита прав детей;24;96;1
;1.9;4015;452.009. Итоговая аттестация в образовательных организациях;24;96;1
;1.9;4015;452.010. Капитальный ремонт образовательных организаций;24;96;1
;1.9;4015;452.011. Конфликтная ситуация в образовательных организациях;24;96;1
;1.9;4015;452.012. Лицензирование образовательных организаций;24;96;1
;1.9;4015;452.013. Места для переодевания детей в образовательных учреждениях;24;96;1
;1.9;4015;452.014. Нарушения при проведении ЕГЭ;24;96;1
;1.9;4015;452.015. Незаконный сбор денег в образовательных организациях;24;96;1
;1.9;4015;452.016. Некорректное поведение сотрудника образовательной организации;24;96;1
;1.9;4015;452.017. Нехватка спортивных объектов в образовательных учреждениях;24;96;1
;1.9;4015;452.018. Оплата за ДОУ;24;96;1
;1.9;4015;452.019. Организация образовательного процесса (каникулы, график обучения, выставление оценок, образовательная программа, внеурочная деятельность);24;96;1
;1.9;4015;452.020. Оснащение образовательных организаций;24;96;1
;1.9;4015;452.021. Отсутствие медицинского работника;24;96;1
;1.9;4015;452.022. Питание в образовательных организациях;24;96;1
;1.9;4015;452.023. Поступление в учреждение профессионального образования;24;96;1
;1.9;4015;452.024. Проблемы с отоплением, водоснабжением, электроснабжением образовательных организаций;24;96;1
;1.9;4015;452.025. Проверить неблагополучную семью;24;96;1
;1.9;4015;452.026. Прочие вопросы Школы;24;96;1
;1.9;4015;452.027. Прочие проблемы;24;96;1
;1.9;4015;452.028. Расстановка парт в образовательной организации;24;96;1
;1.9;4015;452.029. Содержание помещений образовательных организаций;24;96;1
;1.9;4015;452.030. Содержание территории образовательных организаций;24;96;1
;1.9;4015;452.031. Создание безбарьерной среды для инвалидов и маломобильных групп населения в образовательных учреждениях;24;96;1
;1.9;4015;452.032. Создание условий для инклюзивного образования детей с ограниченными возможностями здоровья и инвалидностью;24;96;1
;1.9;4015;452.033. Социальная поддержка молодых педагогов;24;96;1
;1.9;4015;452.034. Текущий ремонт образовательных организаций;24;96;1
;1.9;4015;452.035. Трудоустройство в образовательную организацию;24;96;1
;1.9;4015;452.036. Уборка снега и наледи на территории образовательных учреждений;24;96;1
;1.9;4015;452.037. Устройство в ДОУ от 0-3 лет;24;96;1
;1.9;4015;452.038. Устройство в ДОУ от 3 до 7 лет;24;96;1
;1.9;4015;452.039. Устройство в кружки и секции;24;96;1
;1.9;4015;452.040. Устройство в школу;24;96;1
;1.9;4015;452.041. Функционирование Школьного портала;24;96;1
;1.9;4015;452.042. Школьный автобус;24;96;1
;1.9;4015;452.043. Электронный дневник;24;96;1
4016;1.9;;453. Добродел - Обращение с отходами;24;96;1
;1.9;4016;453.001. Внедрение раздельного накопления отходов на территории Московской области;24;96;1
;1.9;4016;453.002. Жалоба на деятельность полигонов ТКО (требуется проверка);24;96;1
;1.9;4016;453.003. Закрытие действующего полигона ТКО;24;96;1
;1.9;4016;453.004. Модернизация действующих полигонов ТКО;24;96;1
;1.9;4016;453.005. Несоблюдение экологических требований при обращении с отходами;24;96;1
;1.9;4016;453.006. Предложения граждан и юридических лиц по применению технологий на объектах по обращению с отходами;24;96;1
;1.9;4016;453.007. Приостановление деятельности полигона ТКО;24;96;1
;1.9;4016;453.008. Строительство заводов по термической обработки;24;96;1
;1.9;4016;453.009. Строительство инфраструктуры для обеспечения деятельности новых объектов по обращению с отходами;24;96;1
;1.9;4016;453.010. Строительство комплекса по переработке отходов;24;96;1
;1.9;4016;453.011. Строительство мусоросортировочных баз районного назначения;24;96;1
;1.9;4016;453.012. Строительство объектов по обращению с отходами;24;96;1
;1.9;4016;453.013. Территориальная схема обращения с отходами;24;96;1
4017;1.9;;454. Добродел - Общественный транспорт;24;96;1
;1.9;4017;454.001. Добавить новый маршрут;24;96;1
;1.9;4017;454.002. Жалобы на работу профильного ведомства (транспорт);24;96;1
;1.9;4017;454.003. Изменение класса и количества автобусов на действующем маршруте;24;96;1
;1.9;4017;454.004. Изменить или отменить маршрут;24;96;1
;1.9;4017;454.005. Карта Стрелка;24;96;1
;1.9;4017;454.006. Льготы на проезд и тарифы;24;96;1
;1.9;4017;454.007. Нарушение графика движения автомобильного транспорта;24;96;1
;1.9;4017;454.008. Нарушение графика движения, предложение по изменению графика железнодорожного транспорта;24;96;1
;1.9;4017;454.009. Нарушение перевозчиком правил дорожного движения;24;96;1
;1.9;4017;454.010. Нарушение схемы движения маршрута;24;96;1
;1.9;4017;454.011. Нарушения в сфере таксомоторных перевозок;24;96;1
;1.9;4017;454.012. Некорректное поведение водительского и кондукторского состава перевозчиков;24;96;1
;1.9;4017;454.013. Несанкционированная парковка, эвакуация ТС, специализированные стоянки;24;96;1
;1.9;4017;454.014. Неудовлетворительное состояние железнодорожных переездов, ремонт, строительство новых пешеходных переходов;24;96;1
;1.9;4017;454.015. Неудовлетворительное состояние железнодорожных платформ и пешеходных переходов;24;96;1
;1.9;4017;454.016. Неудовлетворительные условия проезда в автомобильном транспорте;24;96;1
;1.9;4017;454.017. Неудовлетворительные условия проезда в пригородных электропоездах;24;96;1
;1.9;4017;454.018. Обустроить стоянку такси;24;96;1
;1.9;4017;454.019. Оплата проезда, невыдача пассажиру билета;24;96;1
;1.9;4017;454.020. Отсутствие на остановочных пунктах общественного транспорта информации о расписании движения транспортных средств;24;96;1
;1.9;4017;454.021. Перенести автобусную остановку;24;96;1
;1.9;4017;454.022. Проезд автобуса без остановки;24;96;1
;1.9;4017;454.023. Прочие проблемы;24;96;1
;1.9;4017;454.024. Работа водного транспорта;24;96;1
;1.9;4017;454.025. Работа воздушного транспорта;24;96;1
;1.9;4017;454.026. Создание безбарьерной среды для инвалидов и маломобильных групп населения на общественном транспорте;24;96;1
;1.9;4017;454.027. Социальные карты;24;96;1
;1.9;4017;454.028. Стоянка нелегального такси;24;96;1
;1.9;4017;454.029. Транспортно-пересадочные узлы, автостанции, автовокзалы;24;96;1
;1.9;4017;454.030. Установить новую автобусную остановку;24;96;1
;1.9;4017;454.031. Вы сейчас смотрите проблемы в категории:;24;96;1
4018;1.9;;455. Добродел - Плата за ЖКУ и работа ЕИРЦ;24;96;1
;1.9;4018;455.001. Некорректное поведение сотрудников;24;96;1
;1.9;4018;455.002. Неудобный график работы;24;96;1
;1.9;4018;455.003. Неудовлетворительная доставка платежных документов;24;96;1
;1.9;4018;455.004. Неудовлетворительная работа контактного центра и дистанционных сервисов обслуживания;24;96;1
;1.9;4018;455.005. Низкое качество обслуживания;24;96;1
;1.9;4018;455.006. Очереди;24;96;1
;1.9;4018;455.007. Ошибки в начислении платы за жилищные услуги;24;96;1
;1.9;4018;455.008. Ошибки в начислении платы за иные услуги;24;96;1
;1.9;4018;455.009. Ошибки в начислении платы за коммунальные услуги;24;96;1
;1.9;4018;455.010. Прочие проблемы;24;96;1
;1.9;4018;455.011. Сообщить о порядке начисления платы за ЖКУ;24;96;1
4019;1.9;;456. Добродел - Региональный оператор по обращению с отходами;24;96;1
;1.9;4019;456.001. Жалоба на работу регионального оператора;24;96;1
;1.9;4019;456.002. Нарушение графика вывоза бытовых отходов (в том числе с контейнерных площадок);24;96;1
;1.9;4019;456.003. Плата за вывоз твердых коммунальных отходов;24;96;1
4020;1.9;;457. Добродел - Связь и телевидение;24;96;1
;1.9;4020;457.001. Возведение вышки сотовой связи;24;96;1
;1.9;4020;457.002. Изменение режима работы отделения почты России;24;96;1
;1.9;4020;457.003. Отсутствие качественной сотовой связи;24;96;1
;1.9;4020;457.004. Отсутствие широкополосного доступа к сети Интернет в месте проживания;24;96;1
;1.9;4020;457.005. Почта России не доставляет корреспонденциию;24;96;1
;1.9;4020;457.006. Признаки ограничения конкуренции при оказании телематических услуг связи;24;96;1
;1.9;4020;457.007. Прочие проблемы Связь и телевидение;24;96;1
;1.9;4020;457.008. Цифровое телевидение;24;96;1
4021;1.9;;458. Добродел - Социальное обслуживание и защита;24;96;1
;1.9;4021;458.001. Выплата компенсации за проезд к месту санаторно-курортного лечения;24;96;1
;1.9;4021;458.002. Выплата людям с ограниченными возможностями компенсаций за страхование транспортного средства;24;96;1
;1.9;4021;458.003. Выплата социального пособия и единовременной материальной помощи на погребение;24;96;1
;1.9;4021;458.004. Выплаты пострадавшим от ЧС;24;96;1
;1.9;4021;458.005. Доступная среда для людей с ограниченными возможностями;24;96;1
;1.9;4021;458.006. Замена социальных карт;24;96;1
;1.9;4021;458.007. Использование регионального материнского капитала;24;96;1
;1.9;4021;458.008. Качество и доступность предоставления социальных услуг;24;96;1
;1.9;4021;458.009. Качество проживания, лечения и предоставляемых услуг в санатории;24;96;1
;1.9;4021;458.010. Компенсация за самостоятельное приобретение путевки в детский оздоровительный лагерь;24;96;1
;1.9;4021;458.011. Компенсация средств на закупку организациями и ИП путевок в детские оздоровительные лагеря для детей своих сотрудников;24;96;1
;1.9;4021;458.012. Льготный проезд на железнодорожном транспорте;24;96;1
;1.9;4021;458.013. Льготный проезд по территории г. Москвы;24;96;1
;1.9;4021;458.014. Назначение и выплата региональной социальной доплаты к пенсии;24;96;1
;1.9;4021;458.015. Назначение пособия по безработице;24;96;1
;1.9;4021;458.016. Необоснованные отказы работодателей в трудоустройстве людей с ограниченными возможностями;24;96;1
;1.9;4021;458.017. Неформальная занятость граждан;24;96;1
;1.9;4021;458.019. Оказание государственной социальной помощи, в т.ч. на основании социального контракта;24;96;1
;1.9;4021;458.020. Оказание социальной помощи женщине с ребенком, оказавшейся в трудной жизненной ситуации;24;96;1
;1.9;4021;458.021. Оказание экстренной социальной (материальной) помощи;24;96;1
;1.9;4021;458.022. Определение места расположения выделяемого земельного участка;24;96;1
;1.9;4021;458.023. Организация качественного отдыха в летнем оздоровительном лагере;24;96;1
;1.9;4021;458.024. Организация общественных работ;24;96;1
;1.9;4021;458.025. Оформление индивидуальной программы предоставления социальных услуг;24;96;1
;1.9;4021;458.026. Плата за социальные услуги;24;96;1
;1.9;4021;458.027. Подведение к земельному участку коммунальных и дорожных коммуникаций;24;96;1
;1.9;4021;458.028. Получение мер социальной поддержки лицами, имеющими звания «Ветеран труда»;24;96;1
;1.9;4021;458.029. Получение путевки в детский летний оздоровительный лагерь;24;96;1
;1.9;4021;458.030. Получение регионального материнского капитала;24;96;1
;1.9;4021;458.031. Получение скидок при покупках по СКМО;24;96;1
;1.9;4021;458.032. Получение социальной карты Московской области, дающей право на льготный проезд на общественном транспорте;24;96;1
;1.9;4021;458.033. Получение удостоверения многодетной семьи;24;96;1
;1.9;4021;458.034. Пользование услугами социального такси;24;96;1
;1.9;4021;458.035. Постановка в очередь на получение земельного участка многодетной семьей;24;96;1
;1.9;4021;458.036. Предоставление государственных пособий на детей (без учета дохода);24;96;1
;1.9;4021;458.038. Предоставление социального обслуживания в полустационарной форме;24;96;1
;1.9;4021;458.039. Предоставление социального обслуживания на дому;24;96;1
;1.9;4021;458.040. Предоставление социальных пособий на детей (с учетом дохода);24;96;1
;1.9;4021;458.041. Предоставление членам семей погибших (умерших) военнослужащих и сотрудников некоторых федеральных органов исполнительной власти компенсационных выплат в связи с расходами по оплате жилых помещений, коммунальных и других видов услуг;24;96;1
;1.9;4021;458.042. Предоставлении субсидий на оплату жилого помещения и коммунальных услуг гражданам, чьи расходы на оплату жилого помещения и коммунальных услуг превышают величину, соответствующую максимально допустимой доле расходов граждан на оплату жилого помещения и коммунальных услуг в совокупном доходе семьи (22 процента);24;96;1
;1.9;4021;458.043. Признание права на получения компенсации стоимости школьной формы;24;96;1
;1.9;4021;458.044. Присвоение звания «Ветеран труда»;24;96;1
;1.9;4021;458.045. Проблемы при получение путевки на санаторно-курортное лечение;24;96;1
;1.9;4021;458.046. Прохождение курсов переобучения;24;96;1
;1.9;4021;458.047. Прочие проблемы;24;96;1
;1.9;4021;458.048. Размер выплаты компенсации стоимости школьной формы;24;96;1
;1.9;4021;458.049. Размер и порядок выплаты пособий по безработице;24;96;1
;1.9;4021;458.050. Содействие людям с ограниченными возможностями в поиске работы;24;96;1
;1.9;4021;458.051. Создание безбарьерной среды для инвалидов и маломобильных групп населения в управлениях (отделах) социальной защиты населения;24;96;1
;1.9;4021;458.052. Создание безбарьерной среды для инвалидов и маломобильных групп населения в учреждениях социального обслуживания ;24;96;1
;1.9;4021;458.053. Создание безбарьерной среды для инвалидов и маломобильных групп населения в центрах занятости населения;24;96;1
;1.9;4021;458.054. Социальная реабилитация несовершеннолетних, попавших в трудную жизненную ситуацию;24;96;1
;1.9;4021;458.055. Трудоустройство безработных;24;96;1
;1.9;4021;458.056. Установление опеки и попечительства в отношении совершеннолетних граждан;24;96;1
;1.9;4021;458.057. Учет в центре занятости;24;96;1
4022;1.9;;459. Добродел - Строительство;24;96;1
;1.9;4022;459.001. Высокий уровень шума при выполнении строительных работ;24;96;1
;1.9;4022;459.002. Наличие незаконного ограждения территории с признаками строительной площадки;24;96;1
;1.9;4022;459.003. Наличие незаконной пристройки;24;96;1
;1.9;4022;459.004. Наличие ограждения территории под строительную площадку;24;96;1
;1.9;4022;459.005. Наличие признаков незаконных строительных работ;24;96;1
;1.9;4022;459.006. Наличие признаков реконструкции здания;24;96;1
;1.9;4022;459.007. Незаконное строительство;24;96;1
;1.9;4022;459.008. Неисправное, слишком яркое или отсутствующее освещение на территории стройплощадки;24;96;1
;1.9;4022;459.009. Несоблюдение правил техники безопасности на строительном объекте;24;96;1
;1.9;4022;459.010. Несоблюдение правил уборки территории строительной площадки;24;96;1
;1.9;4022;459.011. Отсутствие автоматической мойки колес;24;96;1
;1.9;4022;459.012. Отсутствие благоустроенного подъезда к стройплощадке, внутриплощадочных проездов;24;96;1
;1.9;4022;459.013. Отсутствие или наличие поврежденного сплошного ограждения по периметру строительной площадки;24;96;1
;1.9;4022;459.014. Отсутствие информационного щита перед въездом на строительную площадку;24;96;1
;1.9;4022;459.015. Прочие проблемы;24;96;1
;1.9;4022;459.016. Содержание строительных площадок;24;96;1
4023;1.9;;460. Добродел - Теплоснабжение;24;96;1
;1.9;4023;460.001. Повреждение трубопровода теплоснабжения;24;96;1
;1.9;4023;460.002. Система централизованного теплоснабжения;24;96;1
;1.9;4023;460.003. Технологическое присоединение объектов капитального строительства к централизованным системам теплоснабжения;24;96;1
4024;1.9;;461. Добродел - Торговля;24;96;1
;1.9;4024;461.001. Нарушение общественного порядка при розничной реализации алкоголя;24;96;1
;1.9;4024;461.002. Нестационарная торговля (киоски, павильоны, сезонная торговля);24;96;1
;1.9;4024;461.003. Организация розничного рынка;24;96;1
;1.9;4024;461.004. Продажа товаров на розничном рынке;24;96;1
;1.9;4024;461.005. Прочие проблемы;24;96;1
;1.9;4024;461.006. Розничная продажа алкоголя без лицензии;24;96;1
;1.9;4024;461.007. Розничная продажа алкоголя в непредназначенных для этого организациях и объектах;24;96;1
;1.9;4024;461.008. Розничная продажа алкоголя в нестационарных объектах;24;96;1
;1.9;4024;461.009. Розничная продажа алкоголя в ночное время (с 23 до 8 часов);24;96;1
;1.9;4024;461.010. Розничная продажа алкоголя несовершеннолетним;24;96;1
;1.9;4024;461.011. Розничная продажа пива и пивных напитков в непредназначенных для этого организациях и объектах;24;96;1
;1.9;4024;461.012. Создание доступной среды для инвалидов и маломобильных групп населения на объектах торговли;24;96;1
;1.9;4024;461.013. Стационарная торговля (торговые центры, торговые комплексы, магазины);24;96;1
;1.9;4024;461.014. Ярмарки;24;96;1
4025;1.9;;462. Добродел - Управляющие компании;24;96;1
;1.9;4025;462.001. Некорректное поведение сотрудников;24;96;1
;1.9;4025;462.002. Отсутствие контакта с диспетчерскими службами;24;96;1
;1.9;4025;462.003. Прочие проблемы;24;96;1
4026;1.9;;463. Добродел - Учреждения культуры;24;96;1
;1.9;4026;463.001. Деятельность учреждения сферы культуры;24;96;1
;1.9;4026;463.002. Завышенная стоимость предоставляемых услуг в учреждении культуры;24;96;1
;1.9;4026;463.003. Недовольство организацией проведения культурных мероприятий;24;96;1
;1.9;4026;463.004. Некорректное отношение работников в учреждении культуры;24;96;1
;1.9;4026;463.005. Неудовлетворительное состояние учреждений культуры;24;96;1
;1.9;4026;463.006. Отсутствие доступа к учреждениям культуры;24;96;1
;1.9;4026;463.007. Отсутствие условий для инвалидов в учреждении культуры;24;96;1
;1.9;4026;463.008. Прочие проблемы;24;96;1
4027;1.9;;464. Добродел - Физическая культура и спорт;24;96;1
;1.9;4027;464.001. Заливка открытых хоккейных площадок;24;96;1
;1.9;4027;464.002. Зачисление ребенка в спортивную школу;24;96;1
;1.9;4027;464.003. Недовольство организацией проведения спортивных мероприятий;24;96;1
;1.9;4027;464.004. Недоступность спортивных объектов для людей с ограниченными возможностями;24;96;1
;1.9;4027;464.005. Некорректное отношение работников в учреждении спорта;24;96;1
;1.9;4027;464.006. Отказ в зачислении ребенка в спортивную школу;24;96;1
;1.9;4027;464.007. Платные услуги в ФОК и спортшколах;24;96;1
;1.9;4027;464.008. Плохая уборка спортивных площадок;24;96;1
;1.9;4027;464.009. Получение знака ГТО;24;96;1
;1.9;4027;464.010. Прочие проблемы;24;96;1
;1.9;4027;464.011. Ремонт объектов спорта;24;96;1
;1.9;4027;464.012. Строительство объектов спорта;24;96;1
4028;1.9;;465. Добродел - Электроснабжение;24;96;1
;1.9;4028;465.001. Бесхозяйное электросетевое оборудование;24;96;1
;1.9;4007;465.002. Заключение договора с гарантирующим поставщиком электроэнергии;24;96;1
;1.9;4007;465.003. Качество электроснабжения;24;96;1
;1.9;4007;465.004. Клиентские офисы гарантирующих поставщиков электроэнергии;24;96;1
;1.9;4007;465.005. Линии электропередач;24;96;1
;1.9;4007;465.006. Отключение электроэнергии;24;96;1
;1.9;4007;465.007. Отсутствие электроснабжения по причине задолженности в СНТ;24;96;1
;1.9;4007;465.008. Передача электросетевого хозяйства СНО на баланс электросетевой организации;24;96;1
;1.9;4007;465.009. Плановые отключения электросети и аварии;24;96;1
;1.9;4007;465.010. Приборы учета электроэнергии в СНТ, ДНТ;24;96;1
;1.9;4007;465.011. Технологическое присоединение к электрическим сетям;24;96;1
4003;1.9;;466. Добродел - Водоснабжение в многоквартирных домах;24;96;1
;1.9;4003;466.001. Ввести в работу дополнительный общественный водоразборный колодец;24;96;1
;1.9;4003;466.002. Восстановить работу водозаборного узла;24;96;1
;1.9;4003;466.003. Модернизировать (реконструировать) участок водопроводной сети;24;96;1
;1.9;4003;466.004. Некачественная вода (ржавая);24;96;1
;1.9;4003;466.005. Отремонтировать водоразборную колонку;24;96;1
;1.9;4003;466.006. Отремонтировать колодец сети централизованного водоснабжения;24;96;1
;1.9;4003;466.007. Повреждение трубопровода водоснабжения/водоотведения;24;96;1
;1.9;4003;466.008. Прочие проблемы;24;96;1
;1.9;4003;466.009. Установить водоразборную колонку;24;96;1
;1.9;4003;466.010. Установить крышку на колодец сети централизованного водоснабжения;24;96;1
4031;1.9;;467. Добродел - Ветеринария;24;96;1
;1.9;4031;467.001. Нарушение порядка отлова;24;96;1
;1.9;4031;467.002. Отлов безнадзорных собак и кошек;24;96;1
;1.9;4031;467.003. Поставки продукции животного происхождения в социально значимые объекты;24;96;1
;1.9;4031;467.004. Производство продукции животного происхождения для социально значимых объектов;24;96;1
;1.9;4031;467.005. Прочие проблемы;24;96;1
;1.9;4031;467.006. Содержание безнадзорных собак и кошек;24;96;1
4032;1.9;;468. Добродел - Лесное хозяйство;24;96;1
;1.9;4032;468.001. Выполнение противопожарных мероприятий в лесах;24;96;1
;1.9;4032;468.002. Незаконная вырубка лесов;24;96;1
;1.9;4032;468.003. Незаконный перевод земель лесного фонда в земли иных категорий;24;96;1
;1.9;4032;468.004. Некачественное проведение мероприятий по рубке и посадке лесных насаждений;24;96;1
;1.9;4032;"468.005. Неудовлетворительное состояние лесных насаждений; угрожающие падением лесные насаждения";24;96;1
;1.9;4032;468.006. Прочие проблемы;24;96;1
;1.9;4032;468.007. Самовольное занятие земель лесного фонда;24;96;1
;1.9;4032;468.008. Свалки мусора в лесу;24;96;1
;1.9;4032;468.009. Сжигание порубочных остатков;24;96;1
;1.9;4032;468.010. Строительство на землях лесного фонда;24;96;1
4033;1.9;;"469. Добродел - МФЦ ""Мои документы""";24;96;1
;1.9;4033;469.001. Долгое ожидание в очереди МФЦ;24;96;1
;1.9;4033;469.002. Жалоба на работу колл-центра;24;96;1
;1.9;4033;469.003. Некомфортные условия в МФЦ;24;96;1
;1.9;4033;469.004. Некорректное поведение сотрудников МФЦ;24;96;1
;1.9;4033;469.005. Отказ в предоставлении услуги;24;96;1
;1.9;4033;469.006. Ошибка оператора МФЦ;24;96;1
;1.9;4033;469.007. Превышение сроков предоставления услуги;24;96;1
;1.9;4033;469.008. Прочие проблемы МФЦ;24;96;1
4034;1.9;;470. Добродел - областное имущество;24;96;1
;1.9;4034;470.001. Аренда государственного или муниципального имущества;24;96;1
;1.9;4034;470.002. Земельный контроль;24;96;1
;1.9;4034;470.003. Имущественная поддержка субъектов малого и среднего предпринимательства;24;96;1
;1.9;4034;470.004. Имущественный контроль;24;96;1
;1.9;4034;470.005. Незарегистрированные объекты капитального строительства;24;96;1
;1.9;4034;470.006. Общественная инвентаризация;24;96;1
;1.9;4034;470.007. Пересмотр кадастровой стоимости объекта недвижимости;24;96;1
;1.9;4034;470.008. Покупка государственного или муниципального имущества;24;96;1
;1.9;4034;470.009. Прочие проблемы;24;96;1
;1.9;4034;470.010. Усадьбы Подмосковья;24;96;1
4035;1.9;;471. Добродел - Охранные зоны;24;96;1
;1.9;4035;471.001. Охранные зоны магистральных газопроводов;24;96;1
;1.9;4035;471.002. Охранные зоны магистральных нефтепроводов и нефтепродуктопроводов;24;96;1
;1.9;4035;471.003. Охранные зоны объектов электросетевого хозяйства;24;96;1
4036;1.9;;472. Добродел - Общественное питание;24;96;1
;1.9;4036;472.001. Нарушение санитарных норм и правил на предприятии общественного питания;24;96;1
;1.9;4036;472.002. Нарушение требований Закона Московской области № 16/2014 «Об обеспечении тишины и покоя граждан на территории Московской области»;24;96;1
;1.9;4036;472.003. Размещение летних кафе без согласования с администрацией муниципального образования;24;96;1
;1.9;4036;472.004. Создание доступной среды для инвалидов и маломобильных групп населения на объектах общественного питания;24;96;1
4037;1.9;;473. Добродел - Памятники и объекты культурного наследия;24;96;1
;1.9;4037;473.001. Благоустройство территории и содержание памятника;24;96;1
;1.9;4037;473.002. Нарушение режимов содержания зон охраны объектов культурного наследия;24;96;1
;1.9;4037;473.003. Неудовлетворительное состояние объектов культурного наследия;24;96;1
;1.9;4037;473.004. Объекты строительства и земельные участки в зоне объектов культурного наследия;24;96;1
;1.9;4037;473.005. Перенос памятника;24;96;1
;1.9;4037;473.006. Поисковые работы, захоронение, подзахоронение, перезахоронение;24;96;1
;1.9;4037;473.007. Разрушение объектов культурного наследия;24;96;1
;1.9;4037;473.008. Разрушение памятника;24;96;1
;1.9;4037;473.009. Ремонт памятника;24;96;1
;1.9;4037;473.010. Реставрация объектов культурного наследия;24;96;1
;1.9;4037;473.011. Установка памятника;24;96;1
4038;1.9;;474. Добродел - Парки культуры и отдыха;24;96;1
;1.9;4038;474.001. Благоустройство существующих парков культуры и отдыха;24;96;1
;1.9;4038;474.002. Некорректное поведение работников парков культуры и отдыха;24;96;1
;1.9;4038;474.003. Создание нового парка культуры и отдыха;24;96;1
;1.9;4038;474.004. Услуги и деятельность;24;96;1
4039;1.9;;475. Добродел - Погребение и похоронное дело;24;96;1
;1.9;4039;475.001. Нарушение законодательства Российской Федерации в сфере погребения и похоронного дела при оформлении/переоформлении удостоверений о захоронениях;24;96;1
;1.9;4039;475.002. Нарушение законодательства Российской Федерации в сфере погребения и похоронного дела при предоставлении мест для захоронения;24;96;1
;1.9;4039;475.003. Незаконное расширение кладбищ/захоронения вне установленных границ кладбищ/захоронения;24;96;1
;1.9;4039;475.004. Некачественное предоставление ритуальных услуг;24;96;1
;1.9;4039;475.005. Ненадлежащее содержание кладбищ;24;96;1
;1.9;4039;475.006. Создание доступной среды для инвалидов и маломобильных групп населения на кладбищах;24;96;1
4040;1.9;;476. Добродел - портал услуг Московской области (mosreg.ru);24;96;1
;1.9;4040;476.001. Oшибка при работе с мобильным приложением Портала;24;96;1
;1.9;4040;476.002. Отсутствие ответа от службы технической поддержки Портала;24;96;1
;1.9;4040;476.003. Отсутствие результата предоставления услуги;24;96;1
;1.9;4040;476.004. Отсутствие статуса заявления в личном кабинете на Портале/ уведомлений о статусе заявления на электронной почте;24;96;1
;1.9;4040;476.005. Ошибка отображения данных об услугах, организациях, ведомствах на Портале;24;96;1
;1.9;4040;476.006. Ошибка при заполнении/ направлении заявления на Портале;24;96;1
;1.9;4040;476.007. Ошибка при проведении оплаты на Портале;24;96;1
;1.9;4040;476.008. Ошибка при регистрации/ авторизации на Портале;24;96;1
;1.9;4040;476.009. Ошибка при установке/запуске мобильного приложения Портала;24;96;1
;1.9;4040;476.010. Поступление на электронную почту уведомлений с Портала по вопросам, не касающимся заявителя;24;96;1
;1.9;4040;476.011. Проблема с поиском услуги на Портале;24;96;1
;1.9;4040;476.012. Проблема с электронной записью в МФЦ на Портале;24;96;1
;1.9;4040;476.013. Работоспособность Портала;24;96;1
4041;1.9;;477. Добродел - предприятия бытового обслуживания;24;96;1
;1.9;4041;477.001. Некачественно выполненная работа/некачественно оказанная услуга;24;96;1
;1.9;4041;477.002. Создание доступной среды для инвалидов и маломобильных групп населения на объектах бытового обслуживания;24;96;1
4042;1.9;;478. Добродел - Природа, Экология;24;96;1
;1.9;4042;478.001. Жалоба на деятельность закрытых полигонов ТКО;24;96;1
;1.9;4042;478.002. Загрязнение атмосферного воздуха;24;96;1
;1.9;4042;478.003. Замор рыбы в водных объектах;24;96;1
;1.9;4042;478.004. Нарушение законодательства о животном мире;24;96;1
;1.9;4042;478.005. Нарушение мест обитания и произрастания видов животных и растений, занесенных в Красную книгу Московской области;24;96;1
;1.9;4042;478.006. Нарушение режима особой охраны природной территории;24;96;1
;1.9;4042;478.007. Нарушения при эксплуатации очистных сооружений;24;96;1
;1.9;4042;478.008. Незаконное недропользование;24;96;1
;1.9;4042;478.009. Незаконное ограничение доступа к водным объектам;24;96;1
;1.9;4042;478.010. Незаконное размещение отходов;24;96;1
;1.9;4042;478.011. Прочие проблемы;24;96;1
;1.9;4042;478.012. Рекультивация полигонов ТКО;24;96;1
;1.9;4042;478.013. Сброс сточных вод, нарушение использования и охраны водных объектов;24;96;1
4043;1.9;;479. Добродел - проблемы долевого строительства;24;96;1
;1.9;4043;479.001. Договор расторгнут в досудебном порядке, но застройщик не возвращает денежные средства участнику долевого строительства;24;96;1
;1.9;4043;479.002. Дом введен в эксплуатацию, но застройщик не передает квартиру;24;96;1
;1.9;4043;479.003. Застройщик не предоставляет для ознакомления документы в подлинниках или их заверенных копиях;24;96;1
;1.9;4043;479.004. Застройщик не уведомил участника долевого строительства о переносе срока передачи объекта долевого строительства;24;96;1
;1.9;4043;479.005. Не опубликована проектная декларация или другие документы;24;96;1
;1.9;4043;479.006. Отказ от внесения в Реестр пострадавших;24;96;1
;1.9;4043;479.007. Степень готовности и проводимые работы на объекте;24;96;1
4044;1.9;;480. Добродел - Сельское хозяйство и охота;24;96;1
;1.9;4044;480.001. Безопасность аттракционов;24;96;1
;1.9;4044;480.002. Ведение сельскохозяйственной деятельности;24;96;1
;1.9;4044;480.003. Выдача и аннулирование охотничьих билетов;24;96;1
;1.9;4044;480.004. Выдача разрешений на добычу охотничьих ресурсов;24;96;1
;1.9;4044;480.005. Мероприятия по борьбе с борщевиком;24;96;1
;1.9;4044;480.006. Нецелевое использование земель селькохозяйственного назначения;24;96;1
;1.9;4044;480.007. Проблемы при приеме экзаменов и выдаче удостоверений тракториста-машиниста;24;96;1
;1.9;4044;480.008. Прочие проблемы;24;96;1
;1.9;4044;480.009. Регистрация самоходной техники;24;96;1
4045;1.9;;481. Добродел - Социальное обслуживание и защита;24;96;1
;1.9;4045;481.001. Выплата компенсации за проезд к месту санаторно-курортного лечения;24;96;1
;1.9;4045;481.002. Выплата людям с ограниченными возможностями компенсаций за страхование транспортного средства;24;96;1
;1.9;4045;481.003. Выплата социального пособия и единовременной материальной помощи на погребение;24;96;1
;1.9;4045;481.004. Выплаты пострадавшим от ЧС;24;96;1
;1.9;4045;481.005. Доступная среда для людей с ограниченными возможностями;24;96;1
;1.9;4045;481.006. Замена социальных карт;24;96;1
;1.9;4045;481.007. Использование регионального материнского капитала;24;96;1
;1.9;4045;481.008. Качество и доступность предоставления социальных услуг;24;96;1
;1.9;4045;481.009. Качество проживания, лечения и предоставляемых услуг в санатории;24;96;1
;1.9;4045;481.010. Компенсация за самостоятельное приобретение путевки в детский оздоровительный лагерь;24;96;1
;1.9;4045;481.011. Компенсация средств на закупку организациями и ИП путевок в детские оздоровительные лагеря для детей своих сотрудников;24;96;1
;1.9;4045;481.012. Льготный проезд на железнодорожном транспорте;24;96;1
;1.9;4045;481.013. Льготный проезд по территории г. Москвы;24;96;1
;1.9;4045;481.014. Назначение и выплата региональной социальной доплаты к пенсии;24;96;1
;1.9;4045;481.015. Назначение пособия по безработице;24;96;1
;1.9;4045;481.016. Необоснованные отказы работодателей в трудоустройстве людей с ограниченными возможностями;24;96;1
;1.9;4045;481.017. Неформальная занятость граждан;24;96;1
;1.9;4045;481.018. О получении ежемесячной социальной выплаты в размере 700 рублей для жителей Московской области достигших возраста 70 лет и старше, имеющих доход ниже двукратной величины прожиточного минимума;24;96;1
;1.9;4045;481.019. Оказание государственной социальной помощи, в т.ч. на основании социального контракта;24;96;1
;1.9;4045;481.020. Оказание социальной помощи женщине с ребенком, оказавшейся в трудной жизненной ситуации;24;96;1
;1.9;4045;481.021. Оказание экстренной социальной (материальной) помощи;24;96;1
;1.9;4045;481.022. Определение места расположения выделяемого земельного участка;24;96;1
;1.9;4045;481.023. Организация качественного отдыха в летнем оздоровительном лагере;24;96;1
;1.9;4045;481.024. Организация общественных работ;24;96;1
;1.9;4045;481.025. Оформление индивидуальной программы предоставления социальных услуг;24;96;1
;1.9;4045;481.026. Плата за социальные услуги;24;96;1
;1.9;4045;481.027. Подведение к земельному участку коммунальных и дорожных коммуникаций;24;96;1
;1.9;4045;481.028. Получение мер социальной поддержки лицами, имеющими звания «Ветеран труда»;24;96;1
;1.9;4045;481.029. Получение путевки в детский летний оздоровительный лагерь;24;96;1
;1.9;4045;481.030. Получение регионального материнского капитала;24;96;1
;1.9;4045;481.031. Получение скидок при покупках по СКМО;24;96;1
;1.9;4045;481.032. Получение социальной карты Московской области, дающей право на льготный проезд на общественном транспорте;24;96;1
;1.9;4045;481.033. Получение удостоверения многодетной семьи;24;96;1
;1.9;4045;481.034. Пользование услугами социального такси;24;96;1
;1.9;4045;481.035. Постановка в очередь на получение земельного участка многодетной семьей;24;96;1
;1.9;4045;481.036. Предоставление государственных пособий на детей (без учета дохода);24;96;1
;1.9;4045;481.037. Предоставление компенсаций по оплате жилого помещения, коммунальных услуг и уплате взноса на капитальный ремонт отдельным категориям граждан, имеющим место жительства в Московской области;24;96;1
;1.9;4045;481.038. Предоставление социального обслуживания в полустационарной форме;24;96;1
;1.9;4045;481.039. Предоставление социального обслуживания на дому;24;96;1
;1.9;4045;481.040. Предоставление социальных пособий на детей (с учетом дохода);24;96;1
;1.9;4045;481.041. Предоставление членам семей погибших (умерших) военнослужащих и сотрудников некоторых федеральных органов исполнительной власти компенсационных выплат в связи с расходами по оплате жилых помещений, коммунальных и других видов услуг;24;96;1
;1.9;4045;481.042. Предоставлении субсидий на оплату жилого помещения и коммунальных услуг гражданам, чьи расходы на оплату жилого помещения и коммунальных услуг превышают величину, соответствующую максимально допустимой доле расходов граждан на оплату жилого помещения и коммунальных услуг в совокупном доходе семьи (22 процента);24;96;1
;1.9;4045;481.043. Признание права на получения компенсации стоимости школьной формы;24;96;1
;1.9;4045;481.044. Присвоение звания «Ветеран труда»;24;96;1
;1.9;4045;481.045. Проблемы при получение путевки на санаторно-курортное лечение;24;96;1
;1.9;4045;481.046. Прохождение курсов переобучения;24;96;1
;1.9;4045;481.047. Прочие проблемы;24;96;1
;1.9;4045;481.048. Размер выплаты компенсации стоимости школьной формы;24;96;1
;1.9;4045;481.049. Размер и порядок выплаты пособий по безработице;24;96;1
;1.9;4045;481.050. Содействие людям с ограниченными возможностями в поиске работы;24;96;1
;1.9;4045;481.051. Создание безбарьерной среды для инвалидов и маломобильных групп населения в управлениях (отделах) социальной защиты населения;24;96;1
;1.9;4045;481.052. Создание безбарьерной среды для инвалидов и маломобильных групп населения в учреждениях социального обслуживания ;24;96;1
;1.9;4045;481.053. Создание безбарьерной среды для инвалидов и маломобильных групп населения в центрах занятости населения;24;96;1
;1.9;4045;481.054. Социальная реабилитация несовершеннолетних, попавших в трудную жизненную ситуацию;24;96;1
;1.9;4045;481.055. Трудоустройство безработных;24;96;1
;1.9;4045;481.056. Установление опеки и попечительства в отношении совершеннолетних граждан;24;96;1
;1.9;4045;481.057. Учет в центре занятости;24;96;1
4046;1.9;;482. Добродел - Топливозаправочные комплексы;24;96;1
;1.9;4046;482.001. Автозаправочные комплексы;24;96;1
;1.9;4046;482.002. Электрозарядные станции;24;96;1
;1.9;;483. Добродел - Экономика и бизнес;24;96;1
;1.9;4047;483.001. Завышенная кадастровая стоимость объектов недвижимости;24;96;1
;1.9;4047;483.002. Иные препятствия со стороны органов власти или органов местного самоуправления ведению предпринимательской деятельности;24;96;1
;1.9;4047;483.003. Нарушение сроков рассмотрения или незаконный отказ при получении разрешений, лицензий или согласований;24;96;1
;1.9;4047;483.004. Нарушения при проведении закупок органами власти или их учреждениями и предприятиями;24;96;1
;1.9;4047;483.005. Нарушения при проведении проверок надзорными органами;24;96;1
;1.9;4047;483.006. Проблемы при проведении кадастрового учета недвижимости;24;96;1
;1.9;4047;483.007. Проблемы при регистрации прав на объекты недвижимости и сделок с ними;24;96;1
;1.9;4047;483.008. Проблемы при строительстве автодорог, присоединении к автодорогам или прокладке коммуникаций через автодороги;24;96;1
;1.9;4047;483.009. Проблемы с подключением к инфраструктуре (газ, электричество);24;96;1
;1.9;4047;483.010. Проблемы с подключением к инфраструктуре (тепло, вода, канализация);24;96;1
;1.9;4047;483.011. Проблемы с получением в аренду муниципального имущества для ведения бизнеса;24;96;1
;1.9;4047;483.012. Проблемы с получением земли для размещения производства;24;96;1
;1.9;4047;483.013. Проблемы с получением налоговых льгот, субсидий или господдержки;24;96;1
;1.9;4047;483.014. Проблемы с размещением вывесок на фасадах;24;96;1
;1.9;4047;483.015. Проблемы с согласованием разрешительной документацией в области строительства (в т.ч. ППТ, ГПЗУ, ввод в эксплуатацию);24;96;1
;1.9;4047;483.016. Прочие проблемы;24;96;1
4048;1.9;;484. Добродел - Энергосбережение (экономия тепло- и элетроэнергии);24;96;1
;1.9;4048;484.001. Экономия тепловой энергии;24;96;1
;1.9;4048;484.002. Экономия электрической энергии;24;96;1
